stock,total_trades,profit_count,loss_count,win_rate,top_profit_ratios,top_loss_ratios,代號,股票名稱
1101.TW,12,7,5,58.333333333333336,"9.99%, 4.52%, 2.53%","-5.31%, -4.53%, -4.03%",1101.TW,台泥
1102.TW,12,7,5,58.333333333333336,"5.68%, 3.96%, 2.84%","-3.45%, -1.74%, -1.35%",1102.TW,亞泥
1103.TW,17,6,11,35.294117647058826,"7.81%, 3.01%, 2.78%","-4.56%, -3.89%, -2.86%",1103.TW,嘉泥
1104.TW,11,7,4,63.63636363636363,"20.26%, 15.12%, 7.89%","-2.58%, -2.55%, -1.74%",1104.TW,環泥
1108.TW,13,7,6,53.84615384615385,"35.27%, 6.34%, 5.33%","-7.43%, -4.61%, -3.96%",1108.TW,幸福
1109.TW,16,7,9,43.75,"12.80%, 3.18%, 1.30%","-3.52%, -2.74%, -1.90%",1109.TW,信大
1110.TW,15,7,8,46.666666666666664,"8.65%, 6.12%, 6.03%","-9.79%, -7.48%, -4.17%",1110.TW,東泥
1201.TW,16,6,10,37.5,"2.70%, 2.41%, 0.76%","-6.07%, -2.25%, -2.18%",1201.TW,味全
1203.TW,16,6,10,37.5,"38.67%, 16.67%, 2.41%","-9.78%, -2.53%, -2.03%",1203.TW,味王
1210.TW,14,3,11,21.428571428571427,"21.84%, 8.10%, 5.19%","-5.88%, -4.16%, -3.52%",1210.TW,大成
1213.TW,22,10,12,45.45454545454545,"57.89%, 7.12%, 2.71%","-8.94%, -8.75%, -6.88%",1213.TW,大飲
1215.TW,13,7,6,53.84615384615385,"17.62%, 11.69%, 10.77%","-6.45%, -5.24%, -4.47%",1215.TW,卜蜂
1216.TW,11,9,2,81.81818181818183,"6.66%, 4.14%, 4.05%","-3.56%, -2.64%",1216.TW,統一
1217.TW,15,5,10,33.33333333333333,"21.95%, 13.97%, 3.64%","-7.56%, -6.86%, -3.81%",1217.TW,愛之味
1218.TW,16,3,13,18.75,"16.74%, 11.45%, 1.99%","-19.55%, -7.34%, -7.18%",1218.TW,泰山
1219.TW,16,3,13,18.75,"8.35%, 1.51%, 0.98%","-4.19%, -3.26%, -2.57%",1219.TW,福壽
1220.TW,11,6,5,54.54545454545454,"10.92%, 6.21%, 3.99%","-5.44%, -2.43%, -1.02%",1220.TW,台榮
1225.TW,11,6,5,54.54545454545454,"154.95%, 8.45%, 6.62%","-4.50%, -2.11%, -2.00%",1225.TW,福懋油
1227.TW,12,5,7,41.66666666666667,"6.10%, 1.71%, 0.25%","-3.01%, -1.94%, -1.58%",1227.TW,佳格
1229.TW,14,4,10,28.57142857142857,"35.14%, 6.65%, 2.31%","-15.47%, -5.37%, -3.67%",1229.TW,聯華
1231.TW,12,5,7,41.66666666666667,"32.42%, 27.06%, 10.87%","-9.40%, -6.05%, -5.33%",1231.TW,聯華食
1232.TW,14,10,4,71.42857142857143,"6.13%, 2.46%, 2.09%","-3.77%, -2.06%, -1.59%",1232.TW,大統益
1233.TW,11,4,7,36.36363636363637,"8.15%, 5.65%, 4.94%","-4.14%, -2.72%, -2.28%",1233.TW,天仁
1234.TW,15,5,10,33.33333333333333,"23.17%, 7.63%, 3.76%","-1.88%, -1.13%, -1.05%",1234.TW,黑松
1235.TW,10,6,4,60.0,"77.62%, 49.28%, 28.79%","-2.93%, -1.14%, -0.73%",1235.TW,興泰
1236.TW,17,5,12,29.411764705882355,"6.51%, 6.43%, 4.93%","-10.15%, -6.99%, -6.12%",1236.TW,宏亞
1256.TW,12,3,9,25.0,"17.02%, 14.83%, 0.75%","-22.38%, -11.04%, -8.03%",1256.TW,鮮活果汁-KY
1301.TW,13,3,10,23.076923076923077,"3.54%, 2.33%, 0.11%","-12.62%, -12.07%, -8.84%",1301.TW,台塑
1303.TW,14,3,11,21.428571428571427,"4.35%, 1.14%, 0.45%","-11.63%, -9.43%, -8.22%",1303.TW,南亞
1304.TW,16,2,14,12.5,"18.25%, 0.28%","-13.67%, -7.06%, -6.47%",1304.TW,台聚
1305.TW,13,2,11,15.384615384615385,"33.57%, 0.21%","-11.40%, -10.67%, -8.53%",1305.TW,華夏
1307.TW,14,7,7,50.0,"41.61%, 19.73%, 6.44%","-4.61%, -2.83%, -2.66%",1307.TW,三芳
1308.TW,14,3,11,21.428571428571427,"10.15%, 6.33%, 0.54%","-9.84%, -8.97%, -6.89%",1308.TW,亞聚
1309.TW,17,0,17,0.0,,"-17.48%, -11.11%, -11.07%",1309.TW,台達化
1310.TW,13,3,10,23.076923076923077,"15.79%, 1.41%, 0.63%","-9.73%, -6.48%, -6.20%",1310.TW,台苯
1312.TW,15,3,12,20.0,"4.99%, 2.95%, 0.26%","-11.17%, -10.07%, -8.42%",1312.TW,國喬
1313.TW,13,5,8,38.46153846153847,"8.70%, 5.65%, 3.86%","-8.73%, -7.29%, -6.76%",1313.TW,聯成
1314.TW,16,5,11,31.25,"5.15%, 2.71%, 1.00%","-8.92%, -8.02%, -4.55%",1314.TW,中石化
1315.TW,12,6,6,50.0,"3.84%, 3.54%, 3.22%","-2.13%, -1.83%, -1.53%",1315.TW,達新
1316.TW,15,5,10,33.33333333333333,"38.68%, 18.47%, 6.72%","-17.15%, -11.65%, -9.68%",1316.TW,上曜
1319.TW,13,6,7,46.15384615384615,"73.22%, 41.22%, 41.12%","-13.14%, -10.16%, -6.14%",1319.TW,東陽
1321.TW,12,5,7,41.66666666666667,"15.32%, 8.04%, 3.05%","-10.38%, -4.53%, -2.59%",1321.TW,大洋
1323.TW,13,2,11,15.384615384615385,"0.65%, 0.00%","-3.69%, -2.98%, -1.74%",1323.TW,永裕
1324.TW,17,6,11,35.294117647058826,"59.25%, 3.20%, 3.10%","-11.11%, -6.36%, -6.15%",1324.TW,地球
1325.TW,12,4,8,33.33333333333333,"68.07%, 10.73%, 8.73%","-12.95%, -11.30%, -1.76%",1325.TW,恆大
1326.TW,18,3,15,16.666666666666664,"3.83%, 1.75%, 1.60%","-10.82%, -8.73%, -7.77%",1326.TW,台化
1337.TW,15,4,11,26.666666666666668,"18.62%, 13.37%, 4.37%","-10.35%, -7.14%, -5.78%",1337.TW,再生-KY
1338.TW,13,3,10,23.076923076923077,"11.11%, 1.96%, 1.56%","-8.71%, -5.60%, -5.55%",1338.TW,廣華-KY
1339.TW,13,9,4,69.23076923076923,"41.30%, 15.62%, 9.73%","-5.26%, -1.89%, -1.02%",1339.TW,昭輝
1340.TW,14,4,10,28.57142857142857,"18.83%, 2.94%, 1.49%","-15.04%, -4.25%, -4.05%",1340.TW,勝悅-KY
1341.TW,15,8,7,53.333333333333336,"7.55%, 4.70%, 3.33%","-2.93%, -2.76%, -2.11%",1341.TW,富林-KY
1342.TW,13,7,6,53.84615384615385,"29.36%, 13.45%, 5.14%","-12.89%, -9.52%, -8.46%",1342.TW,八貫
1402.TW,15,8,7,53.333333333333336,"4.61%, 4.37%, 4.09%","-3.81%, -3.55%, -3.47%",1402.TW,遠東新
1409.TW,16,6,10,37.5,"5.34%, 3.12%, 1.55%","-5.33%, -5.11%, -4.66%",1409.TW,新纖
1410.TW,16,4,12,25.0,"15.77%, 0.63%, 0.27%","-7.59%, -6.22%, -4.45%",1410.TW,南染
1413.TW,10,6,4,60.0,"12.41%, 11.96%, 3.37%","-11.06%, -5.65%, -2.13%",1413.TW,宏洲
1414.TW,15,8,7,53.333333333333336,"5.37%, 5.08%, 4.89%","-10.58%, -3.56%, -2.84%",1414.TW,東和
1416.TW,15,8,7,53.333333333333336,"10.63%, 4.98%, 4.33%","-9.72%, -5.28%, -3.90%",1416.TW,廣豐
1417.TW,13,2,11,15.384615384615385,"30.09%, 1.49%","-9.86%, -9.14%, -5.86%",1417.TW,嘉裕
1418.TW,13,6,7,46.15384615384615,"52.01%, 24.28%, 11.33%","-13.99%, -8.05%, -7.86%",1418.TW,東華
1419.TW,17,8,9,47.05882352941176,"7.79%, 4.70%, 3.23%","-7.20%, -6.38%, -4.69%",1419.TW,新紡
1423.TW,17,10,7,58.82352941176471,"43.66%, 8.43%, 2.38%","-6.07%, -4.76%, -2.01%",1423.TW,利華
1432.TW,12,6,6,50.0,"41.46%, 11.21%, 9.85%","-6.20%, -3.11%, -1.67%",1432.TW,大魯閣
1434.TW,14,4,10,28.57142857142857,"3.75%, 3.46%, 2.48%","-6.54%, -4.70%, -4.05%",1434.TW,福懋
1435.TW,13,7,6,53.84615384615385,"26.75%, 23.08%, 8.66%","-9.29%, -5.44%, -3.57%",1435.TW,中福
1436.TW,11,4,7,36.36363636363637,"107.00%, 26.16%, 25.73%","-10.89%, -2.12%, -1.90%",1436.TW,華友聯
1437.TW,16,6,10,37.5,"18.46%, 6.50%, 3.12%","-7.65%, -6.58%, -5.61%",1437.TW,勤益控
1438.TW,13,6,7,46.15384615384615,"43.29%, 32.89%, 12.66%","-13.36%, -4.67%, -3.17%",1438.TW,三地開發
1439.TW,13,8,5,61.53846153846154,"13.90%, 7.17%, 3.22%","-3.65%, -1.77%, -1.55%",1439.TW,雋揚
1440.TW,15,3,12,20.0,"12.58%, 8.59%, 0.89%","-13.94%, -4.58%, -3.44%",1440.TW,南紡
1441.TW,13,4,9,30.76923076923077,"6.02%, 5.17%, 5.11%","-13.33%, -3.68%, -3.36%",1441.TW,大東
1442.TW,14,7,7,50.0,"80.88%, 32.57%, 19.59%","-12.55%, -7.94%, -5.64%",1442.TW,名軒
1443.TW,20,6,14,30.0,"24.07%, 22.87%, 6.30%","-13.26%, -4.90%, -3.97%",1443.TW,立益物流
1444.TW,17,4,13,23.52941176470588,"8.41%, 1.46%, 1.46%","-8.56%, -8.04%, -6.31%",1444.TW,力麗
1445.TW,13,7,6,53.84615384615385,"25.23%, 3.58%, 2.54%","-1.29%, -0.95%, -0.62%",1445.TW,大宇
1446.TW,16,6,10,37.5,"38.85%, 12.33%, 5.94%","-9.25%, -7.21%, -6.00%",1446.TW,宏和
1447.TW,11,4,7,36.36363636363637,"24.40%, 9.86%, 3.28%","-12.34%, -4.32%, -2.10%",1447.TW,力鵬
1449.TW,14,4,10,28.57142857142857,"25.00%, 11.22%, 10.91%","-17.51%, -13.44%, -12.64%",1449.TW,佳和
1451.TW,16,6,10,37.5,"9.57%, 7.53%, 5.76%","-2.87%, -2.81%, -2.66%",1451.TW,年興
1452.TW,13,4,9,30.76923076923077,"2.55%, 1.80%, 0.59%","-2.62%, -2.27%, -2.10%",1452.TW,宏益
1453.TW,10,4,6,40.0,"163.51%, 62.50%, 13.33%","-7.51%, -5.95%, -3.97%",1453.TW,大將
1454.TW,11,4,7,36.36363636363637,"23.33%, 13.67%, 3.08%","-18.05%, -5.42%, -3.96%",1454.TW,台富
1455.TW,14,4,10,28.57142857142857,"11.22%, 2.71%, 2.38%","-6.67%, -5.58%, -4.39%",1455.TW,集盛
1456.TW,23,7,16,30.434782608695656,"7.05%, 5.89%, 5.10%","-8.46%, -6.25%, -6.14%",1456.TW,怡華
1457.TW,13,7,6,53.84615384615385,"20.84%, 5.11%, 4.07%","-3.60%, -3.52%, -1.87%",1457.TW,宜進
1459.TW,15,6,9,40.0,"10.72%, 6.92%, 4.63%","-16.39%, -8.04%, -7.17%",1459.TW,聯發
1460.TW,13,4,9,30.76923076923077,"22.49%, 4.77%, 1.42%","-8.05%, -5.34%, -3.89%",1460.TW,宏遠
1463.TW,14,7,7,50.0,"32.47%, 6.95%, 2.80%","-3.61%, -3.00%, -2.25%",1463.TW,強盛
1464.TW,13,5,8,38.46153846153847,"12.75%, 12.14%, 4.61%","-5.07%, -4.41%, -4.15%",1464.TW,得力
1465.TW,17,7,10,41.17647058823529,"4.53%, 4.18%, 4.12%","-4.33%, -3.56%, -3.35%",1465.TW,偉全
1466.TW,16,4,12,25.0,"18.22%, 6.13%, 4.95%","-11.22%, -11.02%, -6.64%",1466.TW,聚隆
1467.TW,15,3,12,20.0,"3.91%, 2.42%, 1.30%","-10.08%, -7.46%, -6.67%",1467.TW,南緯
1468.TW,12,8,4,66.66666666666666,"14.63%, 5.84%, 5.02%","-6.57%, -5.19%, -4.65%",1468.TW,昶和
1470.TW,12,7,5,58.333333333333336,"23.25%, 12.00%, 3.54%","-13.99%, -4.63%, -2.58%",1470.TW,大統新創
1471.TW,16,6,10,37.5,"55.15%, 13.85%, 11.18%","-10.78%, -10.10%, -8.61%",1471.TW,首利
1472.TW,11,5,6,45.45454545454545,"48.44%, 34.76%, 27.69%","-9.63%, -8.14%, -4.83%",1472.TW,三洋實業
1473.TW,15,8,7,53.333333333333336,"30.65%, 23.47%, 12.45%","-7.89%, -4.58%, -2.70%",1473.TW,台南
1474.TW,14,6,8,42.857142857142854,"12.60%, 9.88%, 7.08%","-8.10%, -4.43%, -3.45%",1474.TW,弘裕
1475.TW,15,7,8,46.666666666666664,"17.13%, 11.87%, 7.18%","-12.48%, -7.66%, -7.03%",1475.TW,業旺
1476.TW,14,6,8,42.857142857142854,"13.18%, 9.42%, 3.93%","-8.13%, -7.04%, -6.78%",1476.TW,儒鴻
1477.TW,11,8,3,72.72727272727273,"39.61%, 18.15%, 14.71%","-8.77%, -2.22%, -2.03%",1477.TW,聚陽
1503.TW,9,5,4,55.55555555555556,"138.66%, 65.58%, 43.63%","-13.10%, -9.07%, -6.30%",1503.TW,士電
1504.TW,14,5,9,35.714285714285715,"85.27%, 23.38%, 1.62%","-16.00%, -6.76%, -6.15%",1504.TW,東元
1506.TW,15,6,9,40.0,"21.14%, 8.63%, 5.88%","-11.26%, -8.20%, -4.91%",1506.TW,正道
1512.TW,11,1,10,9.090909090909092,31.52%,"-10.07%, -8.47%, -6.65%",1512.TW,瑞利
1513.TW,12,6,6,50.0,"77.49%, 49.58%, 18.61%","-15.13%, -7.12%, -5.78%",1513.TW,中興電
1514.TW,12,8,4,66.66666666666666,"50.18%, 44.17%, 23.49%","-7.22%, -6.58%, -5.56%",1514.TW,亞力
1515.TW,17,5,12,29.411764705882355,"11.69%, 7.89%, 2.56%","-20.54%, -12.74%, -12.34%",1515.TW,力山
1516.TW,16,5,11,31.25,"39.83%, 9.85%, 2.85%","-13.48%, -10.68%, -10.15%",1516.TW,川飛
1517.TW,13,2,11,15.384615384615385,"3.34%, 2.46%","-10.81%, -10.47%, -8.11%",1517.TW,利奇
1519.TW,10,4,6,40.0,"275.61%, 190.14%, 33.27%","-13.23%, -10.32%, -6.82%",1519.TW,華城
1521.TW,14,2,12,14.285714285714285,"14.57%, 6.80%","-10.90%, -5.71%, -5.62%",1521.TW,大億
1522.TW,10,6,4,60.0,"71.19%, 18.00%, 16.17%","-4.56%, -4.29%, -1.90%",1522.TW,堤維西
1524.TW,12,6,6,50.0,"88.76%, 44.35%, 16.32%","-5.82%, -5.62%, -5.59%",1524.TW,耿鼎
1525.TW,13,6,7,46.15384615384615,"80.51%, 8.48%, 3.66%","-7.16%, -4.52%, -4.07%",1525.TW,江申
1526.TW,15,7,8,46.666666666666664,"21.35%, 9.52%, 1.29%","-8.67%, -5.20%, -4.61%",1526.TW,日馳
1527.TW,13,6,7,46.15384615384615,"3.35%, 1.98%, 1.38%","-6.98%, -3.07%, -1.40%",1527.TW,鑽全
1528.TW,12,8,4,66.66666666666666,"21.14%, 11.84%, 10.97%","-7.55%, -6.48%, -2.83%",1528.TW,恩德
1529.TW,13,4,9,30.76923076923077,"118.23%, 8.68%, 4.85%","-34.99%, -11.45%, -8.21%",1529.TW,樂事綠能
1530.TW,17,4,13,23.52941176470588,"5.78%, 5.73%, 4.01%","-4.51%, -3.17%, -2.57%",1530.TW,亞崴
1531.TW,14,4,10,28.57142857142857,"8.52%, 2.30%, 0.73%","-10.85%, -3.86%, -2.21%",1531.TW,高林股
1532.TW,15,7,8,46.666666666666664,"20.29%, 16.89%, 6.76%","-9.30%, -9.09%, -5.90%",1532.TW,勤美
1533.TW,13,4,9,30.76923076923077,"13.97%, 4.94%, 4.24%","-6.81%, -4.78%, -3.45%",1533.TW,車王電
1535.TW,11,6,5,54.54545454545454,"25.33%, 23.22%, 8.59%","-6.72%, -4.85%, -2.79%",1535.TW,中宇
1536.TW,16,5,11,31.25,"9.93%, 3.27%, 2.82%","-11.13%, -9.21%, -7.23%",1536.TW,和大
1537.TW,15,8,7,53.333333333333336,"6.11%, 5.44%, 3.73%","-3.38%, -2.52%, -1.88%",1537.TW,廣隆
1538.TW,13,7,6,53.84615384615385,"23.95%, 18.75%, 12.81%","-10.99%, -5.03%, -2.25%",1538.TW,正峰
1539.TW,12,6,6,50.0,"44.92%, 28.84%, 13.70%","-8.45%, -3.10%, -2.37%",1539.TW,巨庭
1540.TW,12,7,5,58.333333333333336,"80.22%, 15.30%, 7.40%","-9.68%, -6.42%, -2.83%",1540.TW,喬福
1541.TW,14,5,9,35.714285714285715,"5.36%, 1.63%, 1.51%","-14.35%, -13.10%, -3.59%",1541.TW,錩泰
1558.TW,14,5,9,35.714285714285715,"6.34%, 4.42%, 2.42%","-7.44%, -3.60%, -2.60%",1558.TW,伸興
1560.TW,13,6,7,46.15384615384615,"35.64%, 32.45%, 21.95%","-12.69%, -12.00%, -9.76%",1560.TW,中砂
1568.TW,15,5,10,33.33333333333333,"18.68%, 5.74%, 4.70%","-13.97%, -6.57%, -6.57%",1568.TW,倉佑
1582.TW,12,8,4,66.66666666666666,"27.22%, 21.26%, 11.53%","-6.42%, -3.06%, -1.65%",1582.TW,信錦
1583.TW,15,8,7,53.333333333333336,"17.00%, 5.39%, 4.78%","-7.05%, -5.93%, -2.52%",1583.TW,程泰
1587.TW,13,4,9,30.76923076923077,"155.48%, 4.55%, 1.59%","-22.82%, -13.59%, -9.96%",1587.TW,吉茂
1589.TW,16,3,13,18.75,"22.64%, 5.42%, 0.48%","-19.60%, -10.17%, -7.93%",1589.TW,永冠-KY
1590.TW,10,6,4,60.0,"12.59%, 12.38%, 12.04%","-13.25%, -8.37%, -7.50%",1590.TW,亞德客-KY
1597.TW,13,5,8,38.46153846153847,"40.82%, 3.49%, 2.20%","-15.77%, -7.43%, -6.86%",1597.TW,直得
1598.TW,19,7,12,36.84210526315789,"6.88%, 6.05%, 2.41%","-9.83%, -9.09%, -7.96%",1598.TW,岱宇
1603.TW,15,6,9,40.0,"34.97%, 24.27%, 5.29%","-13.89%, -11.71%, -6.88%",1603.TW,華電
1604.TW,11,4,7,36.36363636363637,"11.06%, 4.16%, 3.77%","-13.69%, -2.11%, -1.75%",1604.TW,聲寶
1605.TW,18,5,13,27.77777777777778,"19.40%, 18.42%, 3.99%","-15.17%, -10.56%, -7.93%",1605.TW,華新
1608.TW,12,5,7,41.66666666666667,"69.20%, 45.62%, 2.55%","-8.49%, -7.38%, -7.38%",1608.TW,華榮
1609.TW,12,4,8,33.33333333333333,"116.58%, 50.57%, 11.09%","-12.73%, -10.28%, -9.36%",1609.TW,大亞
1611.TW,14,3,11,21.428571428571427,"24.82%, 3.07%, 0.45%","-5.06%, -4.40%, -4.28%",1611.TW,中電
1612.TW,15,7,8,46.666666666666664,"37.41%, 30.88%, 10.72%","-9.14%, -6.90%, -6.00%",1612.TW,宏泰
1614.TW,15,4,11,26.666666666666668,"15.87%, 3.75%, 0.28%","-3.28%, -3.24%, -2.57%",1614.TW,三洋電
1615.TW,10,5,5,50.0,"80.52%, 38.87%, 6.87%","-7.41%, -4.45%, -3.17%",1615.TW,大山
1616.TW,13,5,8,38.46153846153847,"55.88%, 35.17%, 34.43%","-13.60%, -12.37%, -9.60%",1616.TW,億泰
1617.TW,19,4,15,21.052631578947366,"15.23%, 8.58%, 1.46%","-15.15%, -8.26%, -4.70%",1617.TW,榮星
1618.TW,14,6,8,42.857142857142854,"60.00%, 27.74%, 27.42%","-15.23%, -13.96%, -10.21%",1618.TW,合機
1626.TW,15,4,11,26.666666666666668,"4.16%, 3.95%, 2.75%","-14.49%, -5.66%, -2.68%",1626.TW,艾美特-KY
1702.TW,13,4,9,30.76923076923077,"13.31%, 12.40%, 3.56%","-5.38%, -3.39%, -3.33%",1702.TW,南僑
1707.TW,15,6,9,40.0,"33.46%, 3.45%, 2.72%","-16.27%, -5.08%, -4.41%",1707.TW,葡萄王
1708.TW,14,7,7,50.0,"55.24%, 10.81%, 4.11%","-6.72%, -5.47%, -5.35%",1708.TW,東鹼
1709.TW,11,3,8,27.27272727272727,"16.12%, 11.89%, 3.21%","-8.33%, -5.39%, -4.63%",1709.TW,和益
1710.TW,13,5,8,38.46153846153847,"10.20%, 5.82%, 4.78%","-12.56%, -6.32%, -6.15%",1710.TW,東聯
1711.TW,15,5,10,33.33333333333333,"8.84%, 7.92%, 3.93%","-6.98%, -5.17%, -5.14%",1711.TW,永光
1712.TW,15,8,7,53.333333333333336,"20.72%, 6.73%, 5.68%","-5.56%, -3.79%, -3.56%",1712.TW,興農
1713.TW,12,6,6,50.0,"32.35%, 18.52%, 14.19%","-7.81%, -7.03%, -6.33%",1713.TW,國化
1714.TW,14,9,5,64.28571428571429,"8.04%, 6.58%, 4.34%","-5.61%, -5.15%, -3.96%",1714.TW,和桐
1717.TW,14,5,9,35.714285714285715,"8.93%, 2.87%, 1.56%","-4.57%, -4.37%, -3.78%",1717.TW,長興
1718.TW,19,4,15,21.052631578947366,"8.09%, 7.68%, 5.87%","-6.44%, -4.92%, -4.91%",1718.TW,中纖
1720.TW,15,6,9,40.0,"22.59%, 11.38%, 6.91%","-9.63%, -6.41%, -5.12%",1720.TW,生達
1721.TW,16,5,11,31.25,"39.21%, 24.24%, 15.85%","-16.52%, -16.30%, -14.80%",1721.TW,三晃
1722.TW,14,5,9,35.714285714285715,"6.70%, 4.85%, 2.56%","-5.41%, -4.80%, -2.64%",1722.TW,台肥
1723.TW,14,3,11,21.428571428571427,"5.07%, 4.95%, 1.83%","-9.68%, -4.71%, -3.48%",1723.TW,中碳
1725.TW,15,7,8,46.666666666666664,"111.11%, 9.60%, 4.34%","-14.37%, -13.23%, -6.89%",1725.TW,元禎
1726.TW,13,7,6,53.84615384615385,"6.49%, 3.18%, 1.65%","-2.63%, -2.54%, -1.75%",1726.TW,永記
1727.TW,16,7,9,43.75,"42.78%, 6.09%, 2.72%","-24.15%, -19.55%, -14.33%",1727.TW,中華化
1730.TW,15,5,10,33.33333333333333,"7.35%, 6.21%, 0.88%","-3.48%, -2.02%, -1.85%",1730.TW,花仙子
1731.TW,15,5,10,33.33333333333333,"19.52%, 9.14%, 6.25%","-8.78%, -5.04%, -4.86%",1731.TW,美吾華
1732.TW,12,5,7,41.66666666666667,"27.93%, 5.23%, 4.43%","-5.63%, -4.53%, -3.76%",1732.TW,毛寶
1733.TW,13,6,7,46.15384615384615,"18.78%, 4.68%, 3.81%","-7.07%, -4.90%, -3.88%",1733.TW,五鼎
1734.TW,15,9,6,60.0,"9.94%, 9.02%, 8.28%","-9.90%, -5.45%, -3.53%",1734.TW,杏輝
1735.TW,15,5,10,33.33333333333333,"19.35%, 8.44%, 1.75%","-5.88%, -4.80%, -4.20%",1735.TW,日勝化
1736.TW,17,6,11,35.294117647058826,"32.33%, 26.41%, 23.57%","-8.10%, -7.12%, -5.69%",1736.TW,喬山
1737.TW,11,7,4,63.63636363636363,"7.36%, 4.52%, 1.62%","-17.29%, -2.61%, -2.30%",1737.TW,臺鹽
1752.TW,13,3,10,23.076923076923077,"61.70%, 15.55%, 3.54%","-7.76%, -7.38%, -6.93%",1752.TW,南光
1760.TW,18,5,13,27.77777777777778,"3.05%, 1.34%, 0.97%","-19.84%, -9.83%, -9.60%",1760.TW,寶齡富錦
1762.TW,9,5,4,55.55555555555556,"33.03%, 7.28%, 6.42%","-15.76%, -11.42%, -1.72%",1762.TW,中化生
1773.TW,15,7,8,46.666666666666664,"34.96%, 17.58%, 7.98%","-13.72%, -11.73%, -8.00%",1773.TW,勝一
1776.TW,17,9,8,52.94117647058824,"9.41%, 4.06%, 3.25%","-14.50%, -5.98%, -4.62%",1776.TW,展宇
1783.TW,15,4,11,26.666666666666668,"30.88%, 11.02%, 4.45%","-13.08%, -9.44%, -6.89%",1783.TW,和康生
1786.TW,11,7,4,63.63636363636363,"18.23%, 18.07%, 13.33%","-4.76%, -4.16%, -0.35%",1786.TW,科妍
1789.TW,14,4,10,28.57142857142857,"8.42%, 7.07%, 4.53%","-5.51%, -4.75%, -4.36%",1789.TW,神隆
1795.TW,14,7,7,50.0,"51.21%, 21.64%, 15.88%","-9.91%, -9.19%, -8.17%",1795.TW,美時
1802.TW,15,2,13,13.333333333333334,"9.14%, 8.16%","-14.62%, -11.24%, -9.32%",1802.TW,台玻
1805.TW,14,3,11,21.428571428571427,"21.67%, 8.82%, 5.94%","-14.09%, -8.66%, -6.05%",1805.TW,寶徠
1806.TW,15,4,11,26.666666666666668,"15.22%, 3.07%, 1.71%","-9.80%, -6.14%, -4.31%",1806.TW,冠軍
1808.TW,13,9,4,69.23076923076923,"16.25%, 12.81%, 10.57%","-3.88%, -3.07%, -1.74%",1808.TW,潤隆
1809.TW,16,5,11,31.25,"53.56%, 9.87%, 7.32%","-16.21%, -10.09%, -8.97%",1809.TW,中釉
1810.TW,15,4,11,26.666666666666668,"40.08%, 21.87%, 8.31%","-8.10%, -7.50%, -7.04%",1810.TW,和成
1817.TW,14,9,5,64.28571428571429,"10.62%, 8.68%, 7.85%","-4.25%, -2.55%, -2.25%",1817.TW,凱撒衛
1903.TW,19,3,16,15.789473684210526,"18.46%, 15.99%, 0.19%","-26.24%, -8.17%, -6.11%",1903.TW,士紙
1904.TW,14,4,10,28.57142857142857,"15.14%, 2.80%, 0.93%","-13.21%, -3.30%, -2.82%",1904.TW,正隆
1905.TW,14,4,10,28.57142857142857,"54.67%, 2.91%, 1.83%","-17.12%, -9.51%, -6.69%",1905.TW,華紙
1906.TW,17,2,15,11.76470588235294,"3.02%, 0.65%","-6.02%, -5.88%, -4.48%",1906.TW,寶隆
1907.TW,16,6,10,37.5,"24.90%, 5.16%, 2.98%","-16.54%, -6.77%, -5.45%",1907.TW,永豐餘
1909.TW,15,4,11,26.666666666666668,"3.57%, 1.72%, 0.58%","-8.93%, -8.81%, -7.50%",1909.TW,榮成
2002.TW,13,4,9,30.76923076923077,"7.33%, 6.53%, 4.28%","-8.22%, -6.04%, -5.74%",2002.TW,中鋼
2006.TW,14,6,8,42.857142857142854,"14.03%, 13.86%, 10.00%","-18.57%, -6.88%, -6.19%",2006.TW,東和鋼鐵
2007.TW,12,3,9,25.0,"18.18%, 15.69%, 1.58%","-11.98%, -9.77%, -7.95%",2007.TW,燁興
2008.TW,12,8,4,66.66666666666666,"32.51%, 12.84%, 12.28%","-2.25%, -1.73%, -1.72%",2008.TW,高興昌
2009.TW,14,6,8,42.857142857142854,"46.67%, 11.99%, 5.03%","-20.55%, -19.92%, -8.70%",2009.TW,第一銅
2010.TW,13,5,8,38.46153846153847,"13.10%, 10.37%, 3.11%","-4.83%, -4.46%, -3.14%",2010.TW,春源
2012.TW,15,7,8,46.666666666666664,"11.91%, 9.53%, 4.40%","-7.59%, -4.18%, -4.07%",2012.TW,春雨
2013.TW,17,6,11,35.294117647058826,"6.44%, 6.25%, 0.95%","-11.95%, -4.85%, -4.61%",2013.TW,中鋼構
2014.TW,9,4,5,44.44444444444444,"14.55%, 8.91%, 4.51%","-12.90%, -8.03%, -5.02%",2014.TW,中鴻
2015.TW,8,5,3,62.5,"24.46%, 5.99%, 4.30%","-8.37%, -3.81%, -1.05%",2015.TW,豐興
2017.TW,15,8,7,53.333333333333336,"47.20%, 7.11%, 3.85%","-11.44%, -9.38%, -7.98%",2017.TW,官田鋼
2020.TW,14,7,7,50.0,"19.43%, 10.34%, 10.34%","-17.78%, -8.82%, -4.66%",2020.TW,美亞
2022.TW,12,3,9,25.0,"15.34%, 5.58%, 4.13%","-13.54%, -10.54%, -8.54%",2022.TW,聚亨
2023.TW,18,8,10,44.44444444444444,"12.80%, 5.81%, 4.53%","-12.64%, -4.88%, -4.15%",2023.TW,燁輝
2024.TW,17,7,10,41.17647058823529,"18.55%, 15.78%, 10.35%","-6.22%, -5.44%, -2.19%",2024.TW,志聯
2025.TW,15,4,11,26.666666666666668,"40.79%, 35.56%, 4.15%","-13.20%, -12.02%, -6.84%",2025.TW,千興
2027.TW,17,9,8,52.94117647058824,"8.12%, 2.66%, 2.61%","-18.36%, -5.63%, -5.30%",2027.TW,大成鋼
2028.TW,11,4,7,36.36363636363637,"15.21%, 8.06%, 4.25%","-7.32%, -7.07%, -6.90%",2028.TW,威致
2029.TW,14,5,9,35.714285714285715,"16.47%, 7.56%, 5.93%","-6.43%, -5.44%, -3.29%",2029.TW,盛餘
2030.TW,14,5,9,35.714285714285715,"15.33%, 5.80%, 3.43%","-6.99%, -6.30%, -5.14%",2030.TW,彰源
2031.TW,15,7,8,46.666666666666664,"16.14%, 13.33%, 10.75%","-11.47%, -11.23%, -6.77%",2031.TW,新光鋼
2032.TW,12,5,7,41.66666666666667,"12.43%, 12.43%, 10.72%","-8.38%, -5.93%, -4.96%",2032.TW,新鋼
2033.TW,17,4,13,23.52941176470588,"27.43%, 25.00%, 22.96%","-10.03%, -8.61%, -8.41%",2033.TW,佳大
2034.TW,13,6,7,46.15384615384615,"7.64%, 6.07%, 0.35%","-3.80%, -3.05%, -1.48%",2034.TW,允強
2038.TW,12,4,8,33.33333333333333,"16.91%, 11.93%, 8.31%","-10.40%, -8.49%, -7.03%",2038.TW,海光
2049.TW,14,6,8,42.857142857142854,"30.69%, 8.67%, 5.88%","-15.16%, -11.45%, -9.06%",2049.TW,上銀
2059.TW,16,5,11,31.25,"114.46%, 40.04%, 5.36%","-12.80%, -10.61%, -10.55%",2059.TW,川湖
2062.TW,11,4,7,36.36363636363637,"36.92%, 11.74%, 9.03%","-5.59%, -4.63%, -4.23%",2062.TW,橋椿
2069.TW,14,5,9,35.714285714285715,"5.87%, 4.91%, 3.14%","-18.69%, -11.45%, -9.65%",2069.TW,運錩
2101.TW,14,5,9,35.714285714285715,"39.73%, 11.24%, 10.82%","-5.76%, -4.40%, -3.76%",2101.TW,南港
2102.TW,13,5,8,38.46153846153847,"13.70%, 6.69%, 4.69%","-16.67%, -5.62%, -4.17%",2102.TW,泰豐
2103.TW,14,5,9,35.714285714285715,"4.57%, 3.63%, 2.22%","-5.81%, -3.59%, -2.81%",2103.TW,台橡
2104.TW,13,3,10,23.076923076923077,"2.25%, 0.29%, 0.25%","-7.53%, -7.52%, -6.71%",2104.TW,國際中橡
2105.TW,18,7,11,38.88888888888889,"14.03%, 9.65%, 5.11%","-7.82%, -6.32%, -5.82%",2105.TW,正新
2106.TW,17,8,9,47.05882352941176,"13.13%, 11.61%, 3.89%","-11.78%, -5.50%, -4.88%",2106.TW,建大
2107.TW,14,8,6,57.14285714285714,"9.79%, 5.42%, 3.89%","-5.00%, -3.24%, -1.12%",2107.TW,厚生
2108.TW,11,5,6,45.45454545454545,"12.89%, 7.17%, 5.60%","-12.79%, -7.09%, -6.47%",2108.TW,南帝
2109.TW,16,4,12,25.0,"34.54%, 2.47%, 0.20%","-5.70%, -4.45%, -3.29%",2109.TW,華豐
2114.TW,14,3,11,21.428571428571427,"7.00%, 2.45%, 0.78%","-4.89%, -2.25%, -1.62%",2114.TW,鑫永銓
2115.TW,12,2,10,16.666666666666664,"6.42%, 2.58%","-6.97%, -4.95%, -4.52%",2115.TW,六暉-KY
2201.TW,15,4,11,26.666666666666668,"48.44%, 10.65%, 7.35%","-9.65%, -8.60%, -4.65%",2201.TW,裕隆
2204.TW,13,6,7,46.15384615384615,"46.70%, 24.76%, 13.91%","-11.98%, -9.67%, -9.48%",2204.TW,中華
2206.TW,17,4,13,23.52941176470588,"81.17%, 27.61%, 11.19%","-12.05%, -7.77%, -4.48%",2206.TW,三陽工業
2207.TW,13,4,9,30.76923076923077,"29.50%, 9.43%, 1.38%","-7.34%, -3.24%, -2.24%",2207.TW,和泰車
2208.TW,15,5,10,33.33333333333333,"8.29%, 3.78%, 1.15%","-8.18%, -5.03%, -4.47%",2208.TW,台船
2211.TW,13,8,5,61.53846153846154,"37.63%, 11.98%, 11.19%","-11.33%, -3.66%, -3.18%",2211.TW,長榮鋼
2227.TW,14,3,11,21.428571428571427,"5.18%, 1.28%, 0.20%","-9.96%, -3.70%, -2.91%",2227.TW,裕日車
2228.TW,14,5,9,35.714285714285715,"16.56%, 16.50%, 13.45%","-7.23%, -5.26%, -4.54%",2228.TW,劍麟
2231.TW,12,3,9,25.0,"11.33%, 9.69%, 5.48%","-9.34%, -8.36%, -8.23%",2231.TW,為升
2233.TW,12,6,6,50.0,"35.12%, 11.91%, 7.84%","-10.00%, -3.26%, -2.23%",2233.TW,宇隆
2236.TW,14,7,7,50.0,"48.75%, 45.78%, 28.75%","-15.39%, -7.27%, -3.38%",2236.TW,百達-KY
2239.TW,10,4,6,40.0,"32.17%, 15.14%, 2.79%","-12.06%, -10.57%, -8.41%",2239.TW,英利-KY
2241.TW,9,4,5,44.44444444444444,"27.52%, 9.05%, 7.98%","-12.79%, -3.81%, -2.97%",2241.TW,艾姆勒
2243.TW,12,5,7,41.66666666666667,"55.16%, 10.48%, 9.70%","-19.28%, -14.70%, -10.46%",2243.TW,宏旭-KY
2247.TW,15,6,9,40.0,"54.83%, 4.64%, 3.05%","-4.21%, -3.37%, -3.06%",2247.TW,汎德永業
2250.TW,15,6,9,40.0,"24.68%, 10.99%, 5.27%","-17.00%, -5.39%, -5.22%",2250.TW,IKKA-KY
2301.TW,13,5,8,38.46153846153847,"119.99%, 5.17%, 1.18%","-10.75%, -7.91%, -5.26%",2301.TW,光寶科
2302.TW,15,5,10,33.33333333333333,"18.80%, 6.57%, 2.83%","-6.51%, -5.97%, -5.61%",2302.TW,麗正
2303.TW,12,6,6,50.0,"14.03%, 8.96%, 3.52%","-12.57%, -4.17%, -4.14%",2303.TW,聯電
2305.TW,13,6,7,46.15384615384615,"42.64%, 28.74%, 11.40%","-8.33%, -6.80%, -5.81%",2305.TW,全友
2308.TW,18,7,11,38.88888888888889,"20.10%, 19.27%, 4.86%","-7.38%, -7.02%, -5.71%",2308.TW,台達電
2312.TW,17,6,11,35.294117647058826,"59.91%, 24.09%, 9.84%","-11.46%, -8.75%, -5.19%",2312.TW,金寶
2313.TW,14,6,8,42.857142857142854,"26.33%, 6.69%, 3.37%","-13.81%, -9.12%, -8.07%",2313.TW,華通
2314.TW,15,2,13,13.333333333333334,"6.76%, 1.90%","-11.33%, -10.89%, -8.13%",2314.TW,台揚
2316.TW,13,7,6,53.84615384615385,"15.65%, 10.61%, 9.41%","-9.87%, -9.59%, -2.79%",2316.TW,楠梓電
2317.TW,11,5,6,45.45454545454545,"93.45%, 8.42%, 7.21%","-3.63%, -2.88%, -2.87%",2317.TW,鴻海
2321.TW,16,5,11,31.25,"13.39%, 6.27%, 5.54%","-17.05%, -12.95%, -10.42%",2321.TW,東訊
2323.TW,15,5,10,33.33333333333333,"48.37%, 10.09%, 3.99%","-9.96%, -9.63%, -6.22%",2323.TW,中環
2324.TW,9,4,5,44.44444444444444,"51.06%, 21.29%, 14.39%","-7.35%, -4.80%, -2.16%",2324.TW,仁寶
2327.TW,12,3,9,25.0,"25.33%, 21.74%, 16.03%","-13.41%, -10.67%, -8.68%",2327.TW,國巨
2328.TW,15,6,9,40.0,"9.50%, 8.30%, 4.68%","-10.68%, -8.75%, -6.15%",2328.TW,廣宇
2329.TW,14,6,8,42.857142857142854,"116.09%, 23.60%, 11.56%","-14.57%, -7.02%, -4.65%",2329.TW,華泰
2330.TW,11,5,6,45.45454545454545,"45.33%, 16.14%, 7.46%","-7.08%, -4.02%, -2.48%",2330.TW,台積電
2331.TW,14,3,11,21.428571428571427,"38.71%, 10.30%, 7.84%","-13.60%, -12.67%, -7.41%",2331.TW,精英
2332.TW,16,7,9,43.75,"13.68%, 6.03%, 4.95%","-16.47%, -11.33%, -9.60%",2332.TW,友訊
2337.TW,17,5,12,29.411764705882355,"5.09%, 1.92%, 1.04%","-9.29%, -9.21%, -6.91%",2337.TW,旺宏
2338.TW,15,2,13,13.333333333333334,"36.66%, 0.38%","-13.09%, -13.06%, -10.16%",2338.TW,光罩
2340.TW,13,2,11,15.384615384615385,"34.12%, 5.87%","-13.96%, -11.00%, -7.25%",2340.TW,台亞
2342.TW,18,4,14,22.22222222222222,"7.26%, 4.88%, 2.99%","-10.50%, -9.81%, -8.35%",2342.TW,茂矽
2344.TW,15,4,11,26.666666666666668,"18.50%, 6.67%, 3.30%","-12.52%, -8.95%, -8.51%",2344.TW,華邦電
2345.TW,12,6,6,50.0,"46.09%, 16.80%, 15.63%","-9.32%, -5.73%, -3.60%",2345.TW,智邦
2347.TW,14,5,9,35.714285714285715,"15.49%, 9.86%, 7.00%","-10.46%, -3.79%, -3.24%",2347.TW,聯強
2348.TW,8,3,5,37.5,"383.96%, 6.92%, 3.06%","-9.18%, -5.40%, -2.75%",2348.TW,海悅
2349.TW,14,7,7,50.0,"78.25%, 2.98%, 1.85%","-14.33%, -9.51%, -4.66%",2349.TW,錸德
2351.TW,16,4,12,25.0,"21.76%, 7.92%, 6.99%","-20.66%, -13.21%, -11.79%",2351.TW,順德
2352.TW,12,4,8,33.33333333333333,"70.80%, 2.80%, 1.96%","-6.30%, -5.50%, -4.84%",2352.TW,佳世達
2353.TW,14,4,10,28.57142857142857,"54.98%, 36.68%, 7.53%","-7.49%, -6.70%, -5.64%",2353.TW,宏碁
2354.TW,13,6,7,46.15384615384615,"21.00%, 6.37%, 6.09%","-6.04%, -5.32%, -5.26%",2354.TW,鴻準
2355.TW,12,6,6,50.0,"18.96%, 12.38%, 5.29%","-13.29%, -6.29%, -5.76%",2355.TW,敬鵬
2356.TW,12,8,4,66.66666666666666,"54.37%, 12.57%, 9.89%","-15.46%, -9.01%, -4.05%",2356.TW,英業達
2357.TW,17,8,9,47.05882352941176,"14.94%, 14.20%, 13.40%","-12.94%, -9.04%, -7.35%",2357.TW,華碩
2358.TW,11,1,10,9.090909090909092,8.40%,"-36.24%, -15.50%, -15.32%",2358.TW,廷鑫
2359.TW,13,6,7,46.15384615384615,"296.89%, 18.28%, 9.33%","-11.98%, -11.59%, -8.89%",2359.TW,所羅門
2360.TW,12,5,7,41.66666666666667,"52.65%, 34.02%, 20.07%","-10.50%, -8.21%, -8.02%",2360.TW,致茂
2362.TW,13,5,8,38.46153846153847,"33.64%, 27.88%, 12.27%","-12.07%, -8.24%, -5.28%",2362.TW,藍天
2363.TW,11,6,5,54.54545454545454,"166.67%, 16.79%, 10.17%","-20.18%, -9.38%, -4.14%",2363.TW,矽統
2364.TW,12,5,7,41.66666666666667,"244.79%, 63.75%, 18.16%","-12.14%, -11.21%, -8.40%",2364.TW,倫飛
2365.TW,15,6,9,40.0,"171.80%, 32.68%, 18.85%","-8.76%, -8.65%, -7.73%",2365.TW,昆盈
2367.TW,14,5,9,35.714285714285715,"25.48%, 22.81%, 19.76%","-22.62%, -7.51%, -7.35%",2367.TW,燿華
2368.TW,18,7,11,38.88888888888889,"55.65%, 8.39%, 6.85%","-16.10%, -11.38%, -9.09%",2368.TW,金像電
2369.TW,13,4,9,30.76923076923077,"17.46%, 6.39%, 2.73%","-14.55%, -13.98%, -9.17%",2369.TW,菱生
2371.TW,16,8,8,50.0,"43.33%, 36.12%, 4.69%","-9.17%, -6.16%, -5.38%",2371.TW,大同
2373.TW,15,3,12,20.0,"1.69%, 0.60%, 0.28%","-3.03%, -2.39%, -1.85%",2373.TW,震旦行
2374.TW,15,8,7,53.333333333333336,"91.42%, 8.09%, 5.36%","-17.99%, -9.77%, -3.38%",2374.TW,佳能
2375.TW,15,5,10,33.33333333333333,"32.77%, 11.96%, 8.28%","-14.84%, -14.13%, -9.71%",2375.TW,凱美
2376.TW,10,6,4,60.0,"152.20%, 13.25%, 9.92%","-16.19%, -5.60%, -3.91%",2376.TW,技嘉
2377.TW,14,6,8,42.857142857142854,"17.51%, 14.74%, 9.55%","-10.17%, -9.47%, -8.89%",2377.TW,微星
2379.TW,14,8,6,57.14285714285714,"21.41%, 17.99%, 10.40%","-7.72%, -6.70%, -6.24%",2379.TW,瑞昱
2380.TW,16,2,14,12.5,"2.44%, 0.79%","-27.43%, -13.20%, -11.78%",2380.TW,虹光
2382.TW,14,5,9,35.714285714285715,"237.01%, 12.71%, 10.80%","-21.37%, -12.85%, -6.89%",2382.TW,廣達
2383.TW,12,4,8,33.33333333333333,"107.07%, 7.60%, 4.86%","-15.92%, -14.91%, -10.45%",2383.TW,台光電
2385.TW,10,4,6,40.0,"62.62%, 22.11%, 15.20%","-6.37%, -5.82%, -4.30%",2385.TW,群光
2387.TW,13,8,5,61.53846153846154,"22.57%, 12.72%, 4.52%","-6.59%, -6.47%, -6.10%",2387.TW,精元
2388.TW,14,8,6,57.14285714285714,"38.54%, 19.64%, 17.35%","-13.98%, -12.55%, -9.88%",2388.TW,威盛
2390.TW,13,3,10,23.076923076923077,"7.67%, 3.52%, 2.43%","-10.28%, -6.17%, -5.60%",2390.TW,云辰
2392.TW,15,6,9,40.0,"43.04%, 9.12%, 7.30%","-10.73%, -7.03%, -5.56%",2392.TW,正崴
2393.TW,13,6,7,46.15384615384615,"41.82%, 24.17%, 7.53%","-5.07%, -4.82%, -2.62%",2393.TW,億光
2395.TW,13,3,10,23.076923076923077,"12.92%, 3.33%, 0.57%","-11.70%, -9.13%, -7.14%",2395.TW,研華
2397.TW,18,7,11,38.88888888888889,"12.20%, 10.72%, 5.64%","-23.07%, -8.22%, -4.32%",2397.TW,友通
2399.TW,15,6,9,40.0,"41.32%, 23.94%, 18.41%","-18.44%, -6.39%, -5.49%",2399.TW,映泰
2401.TW,12,4,8,33.33333333333333,"22.17%, 10.88%, 7.27%","-9.48%, -8.76%, -7.83%",2401.TW,凌陽
2402.TW,13,3,10,23.076923076923077,"118.85%, 24.38%, 15.70%","-9.97%, -9.18%, -7.12%",2402.TW,毅嘉
2404.TW,10,4,6,40.0,"78.73%, 20.13%, 4.04%","-6.30%, -6.21%, -6.02%",2404.TW,漢唐
2405.TW,20,3,17,15.0,"9.74%, 9.45%, 6.46%","-15.37%, -10.86%, -9.93%",2405.TW,輔信
2406.TW,10,2,8,20.0,"34.01%, 2.76%","-12.47%, -7.13%, -6.95%",2406.TW,國碩
2408.TW,15,5,10,33.33333333333333,"6.07%, 3.16%, 2.95%","-12.67%, -6.74%, -6.73%",2408.TW,南亞科
2409.TW,16,5,11,31.25,"12.07%, 4.08%, 3.10%","-8.40%, -7.77%, -7.44%",2409.TW,友達
2412.TW,13,9,4,69.23076923076923,"9.61%, 3.21%, 2.92%","-3.20%, -2.10%, -0.43%",2412.TW,中華電
2413.TW,14,5,9,35.714285714285715,"27.75%, 26.95%, 20.45%","-7.88%, -7.66%, -7.34%",2413.TW,環科
2414.TW,13,6,7,46.15384615384615,"15.52%, 7.05%, 5.34%","-4.19%, -4.02%, -3.80%",2414.TW,精技
2415.TW,15,4,11,26.666666666666668,"29.39%, 3.62%, 3.44%","-10.98%, -8.23%, -5.08%",2415.TW,錩新
2417.TW,11,4,7,36.36363636363637,"71.81%, 25.07%, 7.66%","-11.81%, -10.83%, -6.21%",2417.TW,圓剛
2419.TW,15,6,9,40.0,"44.69%, 23.04%, 10.76%","-16.69%, -16.44%, -8.74%",2419.TW,仲琦
2420.TW,12,9,3,75.0,"21.85%, 12.09%, 11.79%","-4.17%, -3.74%, -1.74%",2420.TW,新巨
2421.TW,14,5,9,35.714285714285715,"199.85%, 10.27%, 9.26%","-9.73%, -9.01%, -7.53%",2421.TW,建準
2423.TW,13,8,5,61.53846153846154,"29.96%, 8.72%, 6.20%","-8.24%, -5.91%, -2.42%",2423.TW,固緯
2424.TW,15,7,8,46.666666666666664,"102.46%, 51.79%, 17.63%","-13.08%, -12.61%, -6.31%",2424.TW,隴華
2425.TW,12,3,9,25.0,"42.17%, 29.18%, 7.71%","-9.44%, -9.35%, -6.32%",2425.TW,承啟
2426.TW,16,6,10,37.5,"19.73%, 4.27%, 2.21%","-10.53%, -10.45%, -9.21%",2426.TW,鼎元
2427.TW,11,6,5,54.54545454545454,"47.14%, 25.93%, 10.38%","-7.16%, -3.95%, -3.80%",2427.TW,三商電
2428.TW,19,8,11,42.10526315789473,"17.70%, 10.88%, 3.96%","-10.76%, -10.44%, -6.81%",2428.TW,興勤
2429.TW,11,3,8,27.27272727272727,"94.63%, 28.84%, 10.41%","-16.33%, -12.47%, -7.96%",2429.TW,銘旺科
2430.TW,16,7,9,43.75,"15.21%, 8.73%, 5.27%","-9.08%, -3.73%, -1.63%",2430.TW,燦坤
2431.TW,13,5,8,38.46153846153847,"24.52%, 7.32%, 3.21%","-17.69%, -5.83%, -5.41%",2431.TW,聯昌
2433.TW,15,9,6,60.0,"9.97%, 3.48%, 1.17%","-2.33%, -1.15%, -0.78%",2433.TW,互盛電
2434.TW,12,5,7,41.66666666666667,"6.33%, 1.91%, 1.39%","-5.81%, -4.76%, -3.83%",2434.TW,統懋
2436.TW,14,2,12,14.285714285714285,"13.21%, 1.41%","-16.93%, -14.43%, -11.53%",2436.TW,偉詮電
2438.TW,12,6,6,50.0,"192.89%, 41.67%, 8.88%","-7.17%, -6.96%, -4.80%",2438.TW,翔耀
2439.TW,12,5,7,41.66666666666667,"20.73%, 15.49%, 8.29%","-5.96%, -5.95%, -5.30%",2439.TW,美律
2440.TW,13,4,9,30.76923076923077,"2.41%, 1.61%, 1.56%","-9.22%, -5.00%, -3.80%",2440.TW,太空梭
2441.TW,16,7,9,43.75,"11.52%, 10.30%, 2.32%","-6.35%, -5.35%, -4.97%",2441.TW,超豐
2442.TW,13,10,3,76.92307692307693,"18.28%, 12.38%, 12.11%","-4.17%, -3.62%, -3.62%",2442.TW,新美齊
2443.TW,11,5,6,45.45454545454545,"49.23%, 16.32%, 1.41%","-5.07%, -5.05%, -4.20%",2443.TW,昶虹
2444.TW,14,5,9,35.714285714285715,"44.58%, 14.23%, 2.99%","-13.28%, -11.27%, -7.58%",2444.TW,兆勁
2449.TW,10,7,3,70.0,"71.31%, 39.91%, 25.76%","-3.32%, -3.19%, -1.05%",2449.TW,京元電子
2450.TW,14,8,6,57.14285714285714,"12.46%, 6.63%, 5.43%","-2.91%, -2.23%, -1.40%",2450.TW,神腦
2451.TW,14,8,6,57.14285714285714,"49.27%, 10.80%, 5.60%","-5.29%, -3.14%, -3.03%",2451.TW,創見
2453.TW,13,3,10,23.076923076923077,"166.00%, 3.32%, 0.74%","-12.87%, -11.20%, -9.17%",2453.TW,凌群
2454.TW,13,7,6,53.84615384615385,"36.14%, 18.01%, 11.68%","-11.68%, -11.62%, -11.26%",2454.TW,聯發科
2455.TW,15,8,7,53.333333333333336,"17.49%, 10.19%, 9.02%","-15.10%, -14.71%, -8.49%",2455.TW,全新
2457.TW,14,3,11,21.428571428571427,"92.91%, 7.27%, 6.23%","-12.00%, -10.82%, -10.69%",2457.TW,飛宏
2458.TW,13,5,8,38.46153846153847,"31.91%, 16.18%, 7.11%","-10.70%, -10.30%, -6.14%",2458.TW,義隆
2459.TW,12,7,5,58.333333333333336,"19.48%, 9.09%, 7.34%","-3.58%, -2.08%, -1.37%",2459.TW,敦吉
2460.TW,15,5,10,33.33333333333333,"20.64%, 10.88%, 6.41%","-10.77%, -10.22%, -8.66%",2460.TW,建通
2461.TW,14,5,9,35.714285714285715,"19.27%, 2.06%, 0.91%","-8.03%, -6.71%, -4.48%",2461.TW,光群雷
2462.TW,16,5,11,31.25,"13.44%, 12.15%, 12.06%","-18.28%, -9.21%, -9.00%",2462.TW,良得電
2464.TW,13,8,5,61.53846153846154,"41.89%, 31.92%, 12.28%","-5.73%, -4.80%, -3.49%",2464.TW,盟立
2465.TW,13,6,7,46.15384615384615,"82.41%, 71.08%, 24.67%","-12.86%, -8.46%, -7.00%",2465.TW,麗臺
2466.TW,13,5,8,38.46153846153847,"6.02%, 4.27%, 3.51%","-8.84%, -5.90%, -5.87%",2466.TW,冠西電
2467.TW,16,5,11,31.25,"172.54%, 19.86%, 10.23%","-17.32%, -14.94%, -10.06%",2467.TW,志聖
2468.TW,15,5,10,33.33333333333333,"49.94%, 28.85%, 27.06%","-9.58%, -8.61%, -6.53%",2468.TW,華經
2471.TW,14,6,8,42.857142857142854,"122.30%, 9.27%, 5.39%","-6.47%, -5.81%, -5.01%",2471.TW,資通
2472.TW,13,6,7,46.15384615384615,"16.82%, 16.52%, 7.92%","-7.19%, -6.67%, -5.89%",2472.TW,立隆電
2474.TW,17,9,8,52.94117647058824,"11.00%, 8.82%, 6.29%","-2.63%, -1.50%, -1.47%",2474.TW,可成
2476.TW,13,5,8,38.46153846153847,"41.81%, 22.09%, 13.55%","-12.76%, -11.69%, -7.76%",2476.TW,鉅祥
2477.TW,16,5,11,31.25,"12.84%, 2.70%, 1.80%","-16.93%, -8.86%, -7.56%",2477.TW,美隆電
2478.TW,14,5,9,35.714285714285715,"10.01%, 2.05%, 1.74%","-7.62%, -7.31%, -6.18%",2478.TW,大毅
2480.TW,12,8,4,66.66666666666666,"51.08%, 7.74%, 6.58%","-12.29%, -4.24%, -0.47%",2480.TW,敦陽科
2481.TW,14,5,9,35.714285714285715,"8.25%, 4.01%, 2.74%","-15.98%, -13.01%, -12.94%",2481.TW,強茂
2482.TW,10,4,6,40.0,"142.34%, 66.77%, 12.62%","-12.73%, -9.65%, -9.32%",2482.TW,連宇
2483.TW,14,4,10,28.57142857142857,"6.86%, 5.49%, 3.75%","-5.38%, -4.75%, -4.40%",2483.TW,百容
2484.TW,13,5,8,38.46153846153847,"4.59%, 2.43%, 0.83%","-4.18%, -3.66%, -3.57%",2484.TW,希華
2485.TW,15,6,9,40.0,"6.13%, 2.91%, 1.67%","-7.43%, -5.33%, -4.08%",2485.TW,兆赫
2486.TW,12,5,7,41.66666666666667,"93.20%, 48.48%, 20.00%","-17.62%, -16.77%, -16.65%",2486.TW,一詮
2488.TW,8,6,2,75.0,"19.99%, 16.69%, 4.58%","-10.08%, -8.49%",2488.TW,漢平
2489.TW,11,4,7,36.36363636363637,"32.39%, 29.33%, 17.08%","-11.78%, -5.99%, -5.74%",2489.TW,瑞軒
2491.TW,13,3,10,23.076923076923077,"26.40%, 6.05%, 1.43%","-15.25%, -8.57%, -7.43%",2491.TW,吉祥全
2492.TW,15,4,11,26.666666666666668,"16.11%, 8.64%, 4.08%","-15.90%, -13.67%, -7.69%",2492.TW,華新科
2493.TW,10,8,2,80.0,"30.00%, 20.40%, 20.21%","-4.46%, -1.13%",2493.TW,揚博
2495.TW,14,8,6,57.14285714285714,"30.38%, 26.58%, 13.47%","-12.77%, -11.70%, -7.55%",2495.TW,普安
2496.TW,13,5,8,38.46153846153847,"20.57%, 16.28%, 10.38%","-3.62%, -3.05%, -2.73%",2496.TW,卓越
2497.TW,15,3,12,20.0,"21.71%, 5.74%, 1.81%","-14.92%, -12.45%, -7.27%",2497.TW,怡利電
2498.TW,16,6,10,37.5,"9.00%, 6.66%, 4.91%","-10.06%, -9.81%, -9.42%",2498.TW,宏達電
2501.TW,12,4,8,33.33333333333333,"59.90%, 19.16%, 5.57%","-11.70%, -9.06%, -4.60%",2501.TW,國建
2504.TW,12,9,3,75.0,"61.72%, 10.52%, 10.32%","-2.91%, -1.68%, -1.15%",2504.TW,國產
2505.TW,14,4,10,28.57142857142857,"24.12%, 24.03%, 2.44%","-12.01%, -6.07%, -4.65%",2505.TW,國揚
2506.TW,16,6,10,37.5,"12.56%, 8.60%, 5.56%","-10.66%, -9.02%, -8.66%",2506.TW,太設
2509.TW,10,5,5,50.0,"21.16%, 15.52%, 1.98%","-6.20%, -3.19%, -3.14%",2509.TW,全坤建
2511.TW,13,5,8,38.46153846153847,"13.21%, 6.67%, 3.70%","-8.65%, -4.38%, -3.31%",2511.TW,太子
2514.TW,10,3,7,30.0,"36.65%, 1.47%, 0.31%","-10.24%, -6.98%, -2.61%",2514.TW,龍邦
2515.TW,13,6,7,46.15384615384615,"26.88%, 22.64%, 10.19%","-7.42%, -4.64%, -1.80%",2515.TW,中工
2516.TW,15,6,9,40.0,"44.99%, 10.85%, 6.69%","-10.63%, -4.56%, -4.40%",2516.TW,新建
2520.TW,15,5,10,33.33333333333333,"41.05%, 11.77%, 11.71%","-14.90%, -9.46%, -6.18%",2520.TW,冠德
2524.TW,15,7,8,46.666666666666664,"75.43%, 45.85%, 1.47%","-10.66%, -7.16%, -2.33%",2524.TW,京城
2527.TW,11,7,4,63.63636363636363,"45.89%, 18.88%, 2.28%","-13.69%, -3.27%, -2.16%",2527.TW,宏璟
2528.TW,12,5,7,41.66666666666667,"76.24%, 51.81%, 6.20%","-19.12%, -9.83%, -6.23%",2528.TW,皇普
2530.TW,13,5,8,38.46153846153847,"78.77%, 36.67%, 26.80%","-4.80%, -3.04%, -1.13%",2530.TW,華建
2534.TW,15,5,10,33.33333333333333,"23.76%, 6.27%, 0.83%","-4.61%, -3.85%, -3.75%",2534.TW,宏盛
2535.TW,11,4,7,36.36363636363637,"31.27%, 8.00%, 3.20%","-5.29%, -4.05%, -2.96%",2535.TW,達欣工
2536.TW,12,4,8,33.33333333333333,"16.80%, 14.67%, 14.10%","-7.22%, -3.51%, -2.25%",2536.TW,宏普
2537.TW,13,4,9,30.76923076923077,"82.68%, 22.58%, 7.19%","-22.28%, -6.17%, -5.12%",2537.TW,聯上發
2538.TW,15,5,10,33.33333333333333,"18.45%, 12.15%, 3.23%","-12.15%, -9.86%, -6.11%",2538.TW,基泰
2539.TW,12,7,5,58.333333333333336,"45.13%, 36.56%, 13.69%","-14.03%, -8.13%, -1.97%",2539.TW,櫻花建
2540.TW,14,6,8,42.857142857142854,"87.22%, 43.37%, 25.68%","-24.85%, -20.77%, -7.02%",2540.TW,愛山林
2542.TW,15,8,7,53.333333333333336,"14.29%, 12.99%, 7.24%","-6.55%, -3.11%, -2.82%",2542.TW,興富發
2543.TW,13,9,4,69.23076923076923,"169.26%, 78.41%, 60.00%","-5.45%, -4.20%, -3.09%",2543.TW,皇昌
2545.TW,16,8,8,50.0,"40.39%, 28.43%, 12.11%","-22.31%, -15.60%, -9.84%",2545.TW,皇翔
2546.TW,11,7,4,63.63636363636363,"40.67%, 15.81%, 8.30%","-12.35%, -5.42%, -4.10%",2546.TW,根基
2547.TW,13,6,7,46.15384615384615,"15.71%, 12.79%, 6.58%","-7.76%, -3.57%, -2.29%",2547.TW,日勝生
2548.TW,12,5,7,41.66666666666667,"65.63%, 5.54%, 5.53%","-9.70%, -7.20%, -4.90%",2548.TW,華固
2597.TW,8,5,3,62.5,"47.03%, 36.67%, 11.90%","-6.14%, -1.44%, -0.67%",2597.TW,潤弘
2601.TW,16,7,9,43.75,"8.61%, 5.57%, 4.02%","-13.33%, -6.05%, -5.38%",2601.TW,益航
2603.TW,13,7,6,53.84615384615385,"38.53%, 22.75%, 11.42%","-14.53%, -7.59%, -6.94%",2603.TW,長榮
2605.TW,14,5,9,35.714285714285715,"26.83%, 26.43%, 11.87%","-17.66%, -13.82%, -13.66%",2605.TW,新興
2606.TW,15,7,8,46.666666666666664,"18.39%, 6.30%, 5.19%","-15.32%, -12.58%, -11.61%",2606.TW,裕民
2607.TW,21,5,16,23.809523809523807,"5.68%, 3.69%, 1.76%","-20.82%, -7.02%, -6.15%",2607.TW,榮運
2608.TW,9,5,4,55.55555555555556,"12.25%, 2.82%, 1.73%","-8.37%, -4.16%, -1.00%",2608.TW,嘉里大榮
2609.TW,17,4,13,23.52941176470588,"59.24%, 11.88%, 5.24%","-10.00%, -8.27%, -7.29%",2609.TW,陽明
2610.TW,11,4,7,36.36363636363637,"26.67%, 12.30%, 11.27%","-13.07%, -10.71%, -9.62%",2610.TW,華航
2611.TW,12,5,7,41.66666666666667,"70.25%, 20.80%, 14.01%","-12.45%, -7.74%, -5.60%",2611.TW,志信
2612.TW,14,4,10,28.57142857142857,"19.95%, 5.02%, 3.40%","-16.88%, -9.25%, -9.13%",2612.TW,中航
2613.TW,13,6,7,46.15384615384615,"69.11%, 42.88%, 8.25%","-20.10%, -13.71%, -7.79%",2613.TW,中櫃
2614.TW,13,2,11,15.384615384615385,"0.22%, 0.22%","-17.14%, -13.87%, -5.87%",2614.TW,東森
2615.TW,14,2,12,14.285714285714285,"63.89%, 11.88%","-14.23%, -12.80%, -11.01%",2615.TW,萬海
2616.TW,13,2,11,15.384615384615385,"3.74%, 2.88%","-3.02%, -2.87%, -2.36%",2616.TW,山隆
2617.TW,14,4,10,28.57142857142857,"16.94%, 9.56%, 2.58%","-12.62%, -7.13%, -6.41%",2617.TW,台航
2618.TW,13,6,7,46.15384615384615,"33.99%, 13.17%, 10.70%","-16.67%, -13.19%, -7.58%",2618.TW,長榮航
2630.TW,11,5,6,45.45454545454545,"203.37%, 23.10%, 8.89%","-6.45%, -6.02%, -5.09%",2630.TW,亞航
2633.TW,15,4,11,26.666666666666668,"12.22%, 6.26%, 2.28%","-2.09%, -2.02%, -2.01%",2633.TW,台灣高鐵
2634.TW,16,6,10,37.5,"57.68%, 4.98%, 2.94%","-8.27%, -5.79%, -4.42%",2634.TW,漢翔
2636.TW,14,5,9,35.714285714285715,"20.25%, 19.74%, 11.84%","-20.87%, -10.04%, -9.08%",2636.TW,台驊投控
2637.TW,14,8,6,57.14285714285714,"10.29%, 5.30%, 4.55%","-14.78%, -7.62%, -7.58%",2637.TW,慧洋-KY
2642.TW,10,5,5,50.0,"9.48%, 9.34%, 2.53%","-7.49%, -3.52%, -2.75%",2642.TW,宅配通
2645.TW,13,6,7,46.15384615384615,"22.00%, 9.99%, 8.74%","-7.54%, -5.19%, -3.65%",2645.TW,長榮航太
2701.TW,20,6,14,30.0,"11.81%, 4.78%, 4.02%","-7.72%, -3.10%, -2.50%",2701.TW,萬企
2702.TW,16,6,10,37.5,"25.79%, 4.83%, 1.33%","-12.70%, -6.02%, -4.71%",2702.TW,華園
2704.TW,13,5,8,38.46153846153847,"43.43%, 40.35%, 6.28%","-11.05%, -10.72%, -4.92%",2704.TW,國賓
2705.TW,14,5,9,35.714285714285715,"19.57%, 15.17%, 6.51%","-7.03%, -6.03%, -3.41%",2705.TW,六福
2706.TW,17,4,13,23.52941176470588,"14.57%, 3.29%, 3.18%","-4.70%, -3.15%, -2.95%",2706.TW,第一店
2707.TW,15,4,11,26.666666666666668,"29.03%, 8.19%, 1.39%","-8.33%, -7.29%, -6.38%",2707.TW,晶華
2712.TW,14,4,10,28.57142857142857,"9.75%, 3.34%, 3.29%","-7.10%, -6.97%, -6.32%",2712.TW,遠雄來
2722.TW,15,5,10,33.33333333333333,"43.98%, 35.64%, 8.61%","-15.01%, -10.48%, -9.73%",2722.TW,夏都
2723.TW,10,3,7,30.0,"33.94%, 11.79%, 4.04%","-14.16%, -6.89%, -5.33%",2723.TW,美食-KY
2727.TW,16,3,13,18.75,"112.93%, 2.93%, 0.20%","-10.26%, -8.06%, -7.12%",2727.TW,王品
2731.TW,12,4,8,33.33333333333333,"27.42%, 24.05%, 14.50%","-16.31%, -14.73%, -9.25%",2731.TW,雄獅
2739.TW,14,3,11,21.428571428571427,"110.43%, 26.42%, 8.76%","-14.70%, -12.19%, -10.00%",2739.TW,寒舍
2748.TW,14,5,9,35.714285714285715,"75.25%, 8.87%, 4.53%","-18.03%, -9.13%, -6.21%",2748.TW,雲品
2753.TW,14,3,11,21.428571428571427,"9.56%, 5.30%, 5.25%","-11.16%, -8.87%, -3.81%",2753.TW,八方雲集
2762.TW,3,1,2,33.33333333333333,7.49%,"-6.55%, -2.61%",2762.TW,世界健身-KY
2801.TW,19,5,14,26.31578947368421,"6.55%, 2.31%, 1.55%","-3.62%, -2.68%, -2.38%",2801.TW,彰銀
2809.TW,10,5,5,50.0,"56.05%, 10.30%, 2.07%","-6.14%, -2.56%, -2.47%",2809.TW,京城銀
2812.TW,14,9,5,64.28571428571429,"17.67%, 10.78%, 6.35%","-3.40%, -1.34%, -0.39%",2812.TW,台中銀
2816.TW,12,4,8,33.33333333333333,"66.77%, 6.59%, 6.53%","-16.07%, -11.63%, -9.44%",2816.TW,旺旺保
2820.TW,16,5,11,31.25,"2.33%, 1.35%, 1.20%","-5.41%, -2.70%, -2.03%",2820.TW,華票
2832.TW,13,7,6,53.84615384615385,"13.96%, 3.23%, 2.83%","-4.11%, -2.74%, -2.66%",2832.TW,台產
2834.TW,12,7,5,58.333333333333336,"24.44%, 14.73%, 7.75%","-4.88%, -2.89%, -2.19%",2834.TW,臺企銀
2836.TW,19,8,11,42.10526315789473,"2.13%, 1.66%, 0.93%","-7.24%, -3.39%, -2.49%",2836.TW,高雄銀
2838.TW,16,9,7,56.25,"8.72%, 8.30%, 6.64%","-8.34%, -2.30%, -2.27%",2838.TW,聯邦銀
2845.TW,14,7,7,50.0,"27.35%, 6.37%, 5.17%","-6.50%, -3.54%, -3.41%",2845.TW,遠東銀
2849.TW,16,5,11,31.25,"7.28%, 3.18%, 1.69%","-9.06%, -4.59%, -4.10%",2849.TW,安泰銀
2850.TW,12,9,3,75.0,"41.30%, 37.03%, 6.07%","-2.30%, -1.04%, -0.21%",2850.TW,新產
2851.TW,14,5,9,35.714285714285715,"28.80%, 15.05%, 5.41%","-8.94%, -6.49%, -5.36%",2851.TW,中再保
2852.TW,11,7,4,63.63636363636363,"32.52%, 7.44%, 6.92%","-7.85%, -1.79%, -1.34%",2852.TW,第一保
2855.TW,13,7,6,53.84615384615385,"34.67%, 14.01%, 2.47%","-6.52%, -3.36%, -2.07%",2855.TW,統一證
2867.TW,14,4,10,28.57142857142857,"31.96%, 2.85%, 1.13%","-10.36%, -8.91%, -8.20%",2867.TW,三商壽
2880.TW,19,9,10,47.368421052631575,"7.87%, 6.54%, 5.72%","-4.20%, -3.51%, -3.43%",2880.TW,華南金
2881.TW,11,7,4,63.63636363636363,"30.53%, 10.98%, 4.65%","-2.91%, -1.71%, -1.28%",2881.TW,富邦金
2882.TW,11,4,7,36.36363636363637,"31.70%, 5.98%, 3.75%","-4.62%, -2.19%, -1.77%",2882.TW,國泰金
2883.TW,14,5,9,35.714285714285715,"8.55%, 7.23%, 3.33%","-13.21%, -6.32%, -3.70%",2883.TW,開發金
2884.TW,14,7,7,50.0,"8.04%, 6.89%, 1.92%","-3.44%, -3.01%, -2.62%",2884.TW,玉山金
2885.TW,13,8,5,61.53846153846154,"18.57%, 10.05%, 3.66%","-3.79%, -2.36%, -1.81%",2885.TW,元大金
2886.TW,15,8,7,53.333333333333336,"11.78%, 7.79%, 3.02%","-5.08%, -4.88%, -2.51%",2886.TW,兆豐金
2887.TW,13,5,8,38.46153846153847,"16.73%, 13.55%, 5.26%","-3.52%, -2.28%, -2.21%",2887.TW,台新金
2888.TW,14,5,9,35.714285714285715,"27.29%, 6.03%, 1.75%","-7.83%, -5.70%, -3.10%",2888.TW,新光金
2889.TW,18,5,13,27.77777777777778,"13.88%, 5.44%, 5.17%","-7.83%, -5.79%, -3.59%",2889.TW,國票金
2890.TW,13,5,8,38.46153846153847,"24.87%, 8.04%, 7.96%","-6.58%, -4.03%, -3.28%",2890.TW,永豐金
2891.TW,13,9,4,69.23076923076923,"12.08%, 10.72%, 8.09%","-3.40%, -2.20%, -1.53%",2891.TW,中信金
2892.TW,17,9,8,52.94117647058824,"4.34%, 3.26%, 2.56%","-3.26%, -3.16%, -1.69%",2892.TW,第一金
2897.TW,18,8,10,44.44444444444444,"4.46%, 3.85%, 2.15%","-6.84%, -4.68%, -4.04%",2897.TW,王道銀行
2901.TW,18,6,12,33.33333333333333,"8.20%, 4.62%, 1.51%","-3.20%, -3.05%, -2.46%",2901.TW,欣欣
2903.TW,10,5,5,50.0,"31.84%, 16.24%, 7.80%","-3.19%, -3.10%, -2.83%",2903.TW,遠百
2904.TW,11,5,6,45.45454545454545,"10.40%, 4.08%, 1.07%","-3.43%, -1.35%, -1.32%",2904.TW,匯僑
2905.TW,11,3,8,27.27272727272727,"29.30%, 7.09%, 3.40%","-4.86%, -4.68%, -4.49%",2905.TW,三商
2906.TW,11,7,4,63.63636363636363,"17.46%, 9.29%, 2.93%","-7.99%, -4.32%, -3.68%",2906.TW,高林
2908.TW,14,6,8,42.857142857142854,"5.04%, 4.51%, 2.33%","-2.98%, -1.93%, -1.72%",2908.TW,特力
2910.TW,15,5,10,33.33333333333333,"10.26%, 4.09%, 1.34%","-6.13%, -5.05%, -3.60%",2910.TW,統領
2911.TW,13,3,10,23.076923076923077,"8.27%, 1.41%, 0.46%","-16.99%, -9.11%, -7.10%",2911.TW,麗嬰房
2912.TW,13,5,8,38.46153846153847,"9.74%, 4.59%, 3.10%","-3.17%, -1.57%, -1.49%",2912.TW,統一超
2913.TW,15,4,11,26.666666666666668,"9.37%, 3.41%, 2.88%","-12.27%, -10.75%, -5.51%",2913.TW,農林
2915.TW,15,5,10,33.33333333333333,"25.28%, 16.12%, 14.19%","-15.03%, -10.87%, -4.31%",2915.TW,潤泰全
2923.TW,16,4,12,25.0,"9.62%, 6.00%, 4.73%","-22.13%, -21.92%, -13.89%",2923.TW,鼎固-KY
2929.TW,8,4,4,50.0,"39.91%, 26.57%, 13.75%","-6.10%, -4.31%, -4.25%",2929.TW,淘帝-KY
2939.TW,10,2,8,20.0,"33.60%, 12.27%","-10.92%, -8.64%, -7.67%",2939.TW,凱羿-KY
2945.TW,14,4,10,28.57142857142857,"13.18%, 9.09%, 0.59%","-9.43%, -8.60%, -3.96%",2945.TW,三商家購
3002.TW,13,4,9,30.76923076923077,"6.99%, 6.51%, 5.58%","-7.44%, -6.92%, -5.92%",3002.TW,歐格
3003.TW,15,4,11,26.666666666666668,"14.71%, 2.44%, 0.28%","-9.43%, -7.92%, -7.05%",3003.TW,健和興
3004.TW,17,8,9,47.05882352941176,"35.56%, 11.83%, 4.15%","-10.59%, -7.88%, -6.93%",3004.TW,豐達科
3005.TW,12,6,6,50.0,"80.58%, 25.61%, 5.77%","-9.25%, -5.36%, -5.33%",3005.TW,神基
3006.TW,14,2,12,14.285714285714285,"21.20%, 7.88%","-8.40%, -6.92%, -6.16%",3006.TW,晶豪科
3008.TW,11,4,7,36.36363636363637,"22.51%, 18.60%, 13.92%","-10.38%, -8.60%, -5.56%",3008.TW,大立光
3010.TW,15,6,9,40.0,"30.55%, 14.68%, 4.20%","-5.51%, -4.52%, -3.11%",3010.TW,華立
3011.TW,11,4,7,36.36363636363637,"97.59%, 58.30%, 25.37%","-20.18%, -9.09%, -9.00%",3011.TW,今皓
3013.TW,13,8,5,61.53846153846154,"98.47%, 47.85%, 22.15%","-8.87%, -8.15%, -6.22%",3013.TW,晟銘電
3014.TW,14,6,8,42.857142857142854,"48.34%, 40.19%, 5.56%","-11.73%, -11.47%, -8.66%",3014.TW,聯陽
3015.TW,16,8,8,50.0,"24.13%, 9.52%, 8.85%","-8.49%, -5.80%, -4.41%",3015.TW,全漢
3016.TW,16,5,11,31.25,"4.64%, 3.62%, 3.46%","-10.05%, -9.43%, -9.39%",3016.TW,嘉晶
3017.TW,14,5,9,35.714285714285715,"202.61%, 55.49%, 10.82%","-16.21%, -13.67%, -10.80%",3017.TW,奇鋐
3018.TW,9,4,5,44.44444444444444,"31.23%, 18.83%, 15.85%","-22.22%, -10.12%, -3.26%",3018.TW,隆銘綠能
3019.TW,12,5,7,41.66666666666667,"90.60%, 12.50%, 5.61%","-11.97%, -9.20%, -8.55%",3019.TW,亞光
3021.TW,16,6,10,37.5,"18.35%, 6.95%, 2.47%","-10.66%, -10.19%, -6.86%",3021.TW,鴻名
3022.TW,16,3,13,18.75,"25.26%, 23.79%, 7.18%","-23.76%, -12.27%, -10.99%",3022.TW,威強電
3023.TW,15,4,11,26.666666666666668,"11.07%, 6.37%, 3.13%","-13.92%, -11.87%, -9.38%",3023.TW,信邦
3024.TW,13,7,6,53.84615384615385,"13.29%, 12.61%, 12.43%","-8.94%, -7.61%, -7.49%",3024.TW,憶聲
3025.TW,15,6,9,40.0,"37.20%, 21.43%, 20.11%","-12.05%, -11.67%, -8.82%",3025.TW,星通
3026.TW,19,7,12,36.84210526315789,"12.46%, 3.86%, 1.08%","-6.19%, -5.03%, -4.15%",3026.TW,禾伸堂
3027.TW,16,3,13,18.75,"57.22%, 16.15%, 2.32%","-17.69%, -10.34%, -9.95%",3027.TW,盛達
3028.TW,13,9,4,69.23076923076923,"10.35%, 6.31%, 5.99%","-5.50%, -4.57%, -1.52%",3028.TW,增你強
3029.TW,11,6,5,54.54545454545454,"61.90%, 20.87%, 10.06%","-9.50%, -2.75%, -1.82%",3029.TW,零壹
3030.TW,14,3,11,21.428571428571427,"155.80%, 2.70%, 1.12%","-9.87%, -7.15%, -5.46%",3030.TW,德律
3031.TW,14,6,8,42.857142857142854,"13.17%, 8.73%, 7.37%","-11.17%, -9.78%, -7.14%",3031.TW,佰鴻
3032.TW,10,5,5,50.0,"67.83%, 20.28%, 4.59%","-12.24%, -11.03%, -5.08%",3032.TW,偉訓
3033.TW,14,7,7,50.0,"12.75%, 11.66%, 11.62%","-14.83%, -5.36%, -4.98%",3033.TW,威健
3034.TW,13,5,8,38.46153846153847,"73.12%, 14.53%, 9.08%","-9.52%, -6.54%, -6.01%",3034.TW,聯詠
3035.TW,14,5,9,35.714285714285715,"93.78%, 12.92%, 12.24%","-19.56%, -17.48%, -15.67%",3035.TW,智原
3036.TW,17,6,11,35.294117647058826,"68.48%, 16.00%, 3.91%","-7.74%, -7.71%, -7.32%",3036.TW,文曄
3037.TW,17,4,13,23.52941176470588,"13.31%, 6.33%, 3.67%","-23.74%, -15.05%, -15.00%",3037.TW,欣興
3038.TW,10,3,7,30.0,"76.87%, 25.59%, 3.33%","-5.96%, -4.76%, -4.45%",3038.TW,全台
3040.TW,11,8,3,72.72727272727273,"15.27%, 14.52%, 7.25%","-2.27%, -2.16%, -2.15%",3040.TW,遠見
3041.TW,11,2,9,18.181818181818183,"54.59%, 7.55%","-30.22%, -16.84%, -9.35%",3041.TW,揚智
3042.TW,12,6,6,50.0,"18.77%, 14.43%, 4.01%","-5.50%, -4.80%, -3.74%",3042.TW,晶技
3043.TW,17,5,12,29.411764705882355,"44.95%, 20.91%, 5.52%","-16.53%, -14.46%, -11.99%",3043.TW,科風
3044.TW,12,3,9,25.0,"55.27%, 7.46%, 0.95%","-10.55%, -6.74%, -6.70%",3044.TW,健鼎
3045.TW,16,6,10,37.5,"7.55%, 6.67%, 6.45%","-6.17%, -1.91%, -1.45%",3045.TW,台灣大
3046.TW,13,4,9,30.76923076923077,"63.17%, 35.35%, 1.71%","-9.68%, -8.93%, -6.86%",3046.TW,建碁
3047.TW,11,2,9,18.181818181818183,"136.64%, 44.44%","-12.67%, -8.56%, -6.07%",3047.TW,訊舟
3048.TW,15,5,10,33.33333333333333,"76.75%, 3.01%, 2.83%","-10.97%, -7.41%, -6.23%",3048.TW,益登
3049.TW,14,5,9,35.714285714285715,"18.38%, 9.23%, 4.71%","-8.72%, -7.35%, -6.90%",3049.TW,精金
3050.TW,18,5,13,27.77777777777778,"21.59%, 6.50%, 2.25%","-12.46%, -10.20%, -9.12%",3050.TW,鈺德
3051.TW,13,7,6,53.84615384615385,"50.75%, 21.95%, 6.88%","-19.36%, -9.39%, -8.59%",3051.TW,力特
3052.TW,14,6,8,42.857142857142854,"8.70%, 6.19%, 5.74%","-5.00%, -3.49%, -2.90%",3052.TW,夆典
3054.TW,15,4,11,26.666666666666668,"1.44%, 0.52%, 0.25%","-10.86%, -7.66%, -6.25%",3054.TW,立萬利
3055.TW,13,5,8,38.46153846153847,"51.74%, 12.02%, 9.02%","-16.46%, -7.74%, -7.06%",3055.TW,蔚華科
3056.TW,13,4,9,30.76923076923077,"49.53%, 26.46%, 11.32%","-9.44%, -8.45%, -8.32%",3056.TW,富華新
3057.TW,12,2,10,16.666666666666664,"12.96%, 2.83%","-10.42%, -5.73%, -3.89%",3057.TW,喬鼎
3058.TW,12,6,6,50.0,"180.79%, 2.58%, 2.29%","-14.04%, -11.11%, -7.86%",3058.TW,立德
3059.TW,18,4,14,22.22222222222222,"6.68%, 2.19%, 0.44%","-12.34%, -9.87%, -9.85%",3059.TW,華晶科
3060.TW,17,6,11,35.294117647058826,"19.67%, 12.37%, 5.15%","-10.68%, -9.22%, -8.97%",3060.TW,銘異
3062.TW,14,4,10,28.57142857142857,"27.43%, 13.93%, 1.57%","-13.48%, -6.31%, -5.81%",3062.TW,建漢
3090.TW,17,7,10,41.17647058823529,"12.92%, 3.47%, 3.02%","-3.53%, -2.88%, -2.78%",3090.TW,日電貿
3092.TW,15,2,13,13.333333333333334,"3.62%, 0.27%","-13.33%, -11.31%, -9.79%",3092.TW,鴻碩
3094.TW,14,3,11,21.428571428571427,"31.60%, 5.92%, 5.18%","-8.68%, -8.46%, -7.28%",3094.TW,聯傑
3130.TW,11,8,3,72.72727272727273,"9.02%, 5.12%, 4.44%","-3.05%, -1.26%, -0.23%",3130.TW,一零四
3138.TW,14,4,10,28.57142857142857,"16.19%, 13.62%, 0.39%","-16.56%, -16.49%, -9.81%",3138.TW,耀登
3149.TW,11,4,7,36.36363636363637,"31.38%, 11.16%, 4.71%","-22.00%, -12.80%, -8.16%",3149.TW,正達
3164.TW,11,5,6,45.45454545454545,"4.93%, 4.47%, 3.23%","-6.30%, -4.36%, -3.78%",3164.TW,景岳
3167.TW,13,5,8,38.46153846153847,"51.60%, 22.27%, 4.60%","-13.47%, -8.36%, -7.72%",3167.TW,大量
3168.TW,14,3,11,21.428571428571427,"79.25%, 3.30%, 0.29%","-13.25%, -9.32%, -6.85%",3168.TW,眾福科
3189.TW,15,4,11,26.666666666666668,"11.87%, 4.48%, 3.81%","-11.72%, -9.74%, -8.49%",3189.TW,景碩
3209.TW,12,6,6,50.0,"19.82%, 15.81%, 11.72%","-7.38%, -5.05%, -5.01%",3209.TW,全科
3229.TW,14,5,9,35.714285714285715,"71.05%, 47.16%, 9.40%","-10.32%, -8.83%, -7.69%",3229.TW,晟鈦
3231.TW,15,6,9,40.0,"342.90%, 26.54%, 9.48%","-10.04%, -9.35%, -6.81%",3231.TW,緯創
3257.TW,13,4,9,30.76923076923077,"41.31%, 11.24%, 10.61%","-12.52%, -8.51%, -7.87%",3257.TW,虹冠電
3266.TW,17,5,12,29.411764705882355,"34.19%, 25.38%, 7.73%","-11.08%, -7.52%, -4.64%",3266.TW,昇陽
3296.TW,15,3,12,20.0,"40.19%, 5.70%, 2.11%","-10.07%, -9.12%, -7.86%",3296.TW,勝德
3305.TW,14,6,8,42.857142857142854,"29.04%, 13.99%, 8.33%","-15.23%, -14.53%, -14.15%",3305.TW,昇貿
3308.TW,13,3,10,23.076923076923077,"120.58%, 14.54%, 3.65%","-23.75%, -18.57%, -15.34%",3308.TW,聯德
3311.TW,15,7,8,46.666666666666664,"12.33%, 2.14%, 1.68%","-4.76%, -4.46%, -3.65%",3311.TW,閎暉
3312.TW,10,6,4,60.0,"222.32%, 14.44%, 12.85%","-13.10%, -5.19%, -2.29%",3312.TW,弘憶股
3321.TW,17,3,14,17.647058823529413,"1.75%, 1.37%, 0.37%","-17.95%, -9.29%, -8.33%",3321.TW,同泰
3338.TW,15,6,9,40.0,"28.76%, 18.52%, 18.41%","-13.06%, -8.61%, -8.43%",3338.TW,泰碩
3346.TW,13,4,9,30.76923076923077,"18.47%, 12.62%, 10.80%","-10.23%, -10.02%, -3.36%",3346.TW,麗清
3356.TW,13,7,6,53.84615384615385,"31.89%, 28.73%, 28.50%","-15.80%, -8.75%, -8.33%",3356.TW,奇偶
3376.TW,14,7,7,50.0,"40.32%, 25.41%, 25.36%","-16.37%, -6.00%, -5.92%",3376.TW,新日興
3380.TW,15,6,9,40.0,"15.12%, 14.10%, 9.69%","-13.68%, -12.74%, -8.06%",3380.TW,明泰
3406.TW,17,5,12,29.411764705882355,"16.20%, 9.89%, 3.79%","-15.90%, -12.50%, -11.06%",3406.TW,玉晶光
3413.TW,13,5,8,38.46153846153847,"51.30%, 6.37%, 5.32%","-11.68%, -10.99%, -5.36%",3413.TW,京鼎
3416.TW,12,7,5,58.333333333333336,"36.14%, 17.19%, 12.58%","-11.78%, -6.95%, -3.99%",3416.TW,融程電
3419.TW,16,4,12,25.0,"9.50%, 7.99%, 3.41%","-11.78%, -9.07%, -8.51%",3419.TW,譁裕
3432.TW,15,4,11,26.666666666666668,"74.66%, 32.07%, 1.39%","-14.70%, -9.20%, -5.12%",3432.TW,台端
3437.TW,13,3,10,23.076923076923077,"62.46%, 2.35%, 0.82%","-12.33%, -12.28%, -12.03%",3437.TW,榮創
3443.TW,13,6,7,46.15384615384615,"39.10%, 25.82%, 20.28%","-18.97%, -10.53%, -8.33%",3443.TW,創意
3447.TW,15,3,12,20.0,"87.59%, 6.04%, 5.63%","-14.19%, -13.21%, -9.82%",3447.TW,展達
3450.TW,11,6,5,54.54545454545454,"70.97%, 39.97%, 32.89%","-5.03%, -4.53%, -3.93%",3450.TW,聯鈞
3454.TW,12,7,5,58.333333333333336,"57.33%, 18.88%, 13.09%","-15.55%, -5.21%, -2.74%",3454.TW,晶睿
3481.TW,15,5,10,33.33333333333333,"23.71%, 5.58%, 4.14%","-14.12%, -8.50%, -7.64%",3481.TW,群創
3494.TW,10,5,5,50.0,"150.00%, 19.87%, 16.39%","-19.57%, -6.42%, -1.75%",3494.TW,誠研
3501.TW,13,6,7,46.15384615384615,"38.22%, 11.51%, 6.30%","-11.52%, -7.09%, -5.35%",3501.TW,維熹
3504.TW,13,4,9,30.76923076923077,"53.96%, 4.71%, 3.57%","-22.00%, -13.58%, -12.28%",3504.TW,揚明光
3515.TW,10,5,5,50.0,"66.42%, 36.59%, 14.29%","-22.75%, -12.37%, -6.52%",3515.TW,華擎
3518.TW,14,4,10,28.57142857142857,"45.99%, 28.35%, 10.24%","-11.64%, -6.57%, -5.72%",3518.TW,柏騰
3528.TW,18,7,11,38.88888888888889,"17.20%, 8.75%, 4.63%","-7.14%, -5.00%, -3.04%",3528.TW,安馳
3530.TW,12,6,6,50.0,"29.52%, 13.67%, 3.48%","-13.22%, -7.14%, -5.96%",3530.TW,晶相光
3532.TW,11,6,5,54.54545454545454,"10.85%, 3.17%, 2.71%","-17.11%, -7.58%, -4.88%",3532.TW,台勝科
3533.TW,14,11,3,78.57142857142857,"49.90%, 13.62%, 12.63%","-10.70%, -6.90%, -6.57%",3533.TW,嘉澤
3535.TW,15,2,13,13.333333333333334,"183.05%, 0.00%","-18.09%, -9.41%, -8.72%",3535.TW,晶彩科
3543.TW,14,6,8,42.857142857142854,"12.39%, 5.90%, 3.80%","-7.93%, -6.95%, -4.05%",3543.TW,州巧
3545.TW,13,3,10,23.076923076923077,"47.57%, 21.27%, 4.99%","-19.31%, -12.07%, -11.59%",3545.TW,敦泰
3550.TW,18,5,13,27.77777777777778,"23.08%, 9.86%, 0.66%","-10.29%, -6.05%, -5.41%",3550.TW,聯穎
3557.TW,16,7,9,43.75,"34.28%, 8.62%, 6.62%","-5.04%, -4.73%, -4.44%",3557.TW,嘉威
3563.TW,11,5,6,45.45454545454545,"83.91%, 29.29%, 18.24%","-14.54%, -5.13%, -3.70%",3563.TW,牧德
3576.TW,15,0,15,0.0,,"-10.68%, -9.60%, -5.86%",3576.TW,聯合再生
3583.TW,11,7,4,63.63636363636363,"188.85%, 52.04%, 4.82%","-20.13%, -7.37%, -6.35%",3583.TW,辛耘
3588.TW,16,4,12,25.0,"8.26%, 3.72%, 1.14%","-16.10%, -15.73%, -15.03%",3588.TW,通嘉
3591.TW,12,5,7,41.66666666666667,"47.77%, 15.63%, 4.33%","-11.13%, -9.38%, -6.98%",3591.TW,艾笛森
3592.TW,14,7,7,50.0,"25.79%, 14.46%, 6.19%","-14.84%, -10.78%, -5.99%",3592.TW,瑞鼎
3593.TW,13,2,11,15.384615384615385,"21.67%, 2.24%","-14.41%, -11.78%, -9.28%",3593.TW,力銘
3596.TW,14,4,10,28.57142857142857,"56.10%, 10.40%, 2.94%","-18.09%, -12.50%, -9.43%",3596.TW,智易
3605.TW,16,4,12,25.0,"13.87%, 7.76%, 4.89%","-14.83%, -12.01%, -9.68%",3605.TW,宏致
3607.TW,13,5,8,38.46153846153847,"21.14%, 4.25%, 3.51%","-10.96%, -8.03%, -3.59%",3607.TW,谷崧
3617.TW,11,5,6,45.45454545454545,"78.45%, 34.71%, 32.05%","-8.49%, -7.24%, -5.26%",3617.TW,碩天
3622.TW,13,6,7,46.15384615384615,"34.21%, 26.60%, 18.00%","-15.22%, -10.45%, -10.16%",3622.TW,洋華
3645.TW,15,6,9,40.0,"22.89%, 6.44%, 5.76%","-19.78%, -11.40%, -9.14%",3645.TW,達邁
3652.TW,13,6,7,46.15384615384615,"44.10%, 31.08%, 13.40%","-27.05%, -8.14%, -6.21%",3652.TW,精聯
3653.TW,14,7,7,50.0,"49.09%, 24.87%, 22.62%","-20.95%, -19.13%, -6.05%",3653.TW,健策
3661.TW,12,5,7,41.66666666666667,"39.53%, 33.09%, 25.20%","-27.91%, -11.47%, -10.18%",3661.TW,世芯-KY
3665.TW,14,5,9,35.714285714285715,"48.77%, 30.22%, 18.60%","-8.21%, -8.13%, -7.20%",3665.TW,貿聯-KY
3669.TW,16,6,10,37.5,"16.48%, 12.18%, 8.57%","-17.94%, -14.36%, -10.49%",3669.TW,圓展
3673.TW,15,6,9,40.0,"13.69%, 13.63%, 3.70%","-6.82%, -5.89%, -5.87%",3673.TW,TPK-KY
3679.TW,16,5,11,31.25,"16.60%, 16.44%, 5.16%","-8.64%, -7.04%, -5.07%",3679.TW,新至陞
3686.TW,14,5,9,35.714285714285715,"33.69%, 10.55%, 7.42%","-13.44%, -12.55%, -5.07%",3686.TW,達能
3694.TW,11,5,6,45.45454545454545,"46.86%, 20.35%, 12.45%","-10.85%, -8.82%, -7.48%",3694.TW,海華
3701.TW,13,3,10,23.076923076923077,"50.18%, 6.70%, 2.16%","-16.90%, -13.15%, -8.54%",3701.TW,大眾控
3702.TW,14,5,9,35.714285714285715,"67.40%, 5.39%, 2.02%","-7.80%, -5.88%, -4.54%",3702.TW,大聯大
3703.TW,15,7,8,46.666666666666664,"33.57%, 15.01%, 8.35%","-12.09%, -7.77%, -3.12%",3703.TW,欣陸
3704.TW,18,1,17,5.555555555555555,21.55%,"-16.45%, -10.75%, -10.48%",3704.TW,合勤控
3705.TW,14,6,8,42.857142857142854,"13.28%, 7.12%, 5.95%","-5.94%, -5.33%, -3.76%",3705.TW,永信
3706.TW,12,4,8,33.33333333333333,"61.78%, 46.52%, 8.99%","-13.74%, -6.05%, -5.18%",3706.TW,神達
3708.TW,19,7,12,36.84210526315789,"29.84%, 11.22%, 7.75%","-14.79%, -11.65%, -11.35%",3708.TW,上緯投控
3711.TW,13,6,7,46.15384615384615,"18.73%, 10.00%, 8.39%","-6.95%, -5.46%, -5.43%",3711.TW,日月光投控
3712.TW,14,6,8,42.857142857142854,"53.96%, 8.25%, 5.17%","-10.19%, -9.95%, -9.57%",3712.TW,永崴投控
3714.TW,15,3,12,20.0,"9.95%, 8.61%, 0.69%","-11.69%, -11.15%, -8.73%",3714.TW,富采
3715.TW,7,2,5,28.57142857142857,"408.98%, 4.97%","-24.22%, -13.90%, -13.17%",3715.TW,定穎投控
4104.TW,17,9,8,52.94117647058824,"46.03%, 11.39%, 8.45%","-3.45%, -1.54%, -1.26%",4104.TW,佳醫
4106.TW,14,4,10,28.57142857142857,"18.07%, 1.85%, 1.77%","-7.36%, -3.66%, -3.62%",4106.TW,雃博
4108.TW,16,8,8,50.0,"14.14%, 8.15%, 1.01%","-7.08%, -4.92%, -4.13%",4108.TW,懷特
4119.TW,14,5,9,35.714285714285715,"19.34%, 10.03%, 5.40%","-7.73%, -5.37%, -5.23%",4119.TW,旭富
4133.TW,10,4,6,40.0,"21.56%, 12.85%, 8.55%","-7.04%, -6.46%, -4.61%",4133.TW,亞諾法
4137.TW,12,4,8,33.33333333333333,"23.93%, 3.55%, 1.04%","-9.00%, -8.06%, -7.52%",4137.TW,麗豐-KY
4142.TW,11,2,9,18.181818181818183,"3.59%, 2.39%","-9.04%, -7.27%, -6.51%",4142.TW,國光生
4148.TW,14,5,9,35.714285714285715,"59.35%, 9.54%, 7.91%","-9.36%, -7.08%, -6.94%",4148.TW,全宇生技-KY
4155.TW,16,4,12,25.0,"29.98%, 3.47%, 1.62%","-12.97%, -12.88%, -7.26%",4155.TW,訊映
4164.TW,14,4,10,28.57142857142857,"52.11%, 18.91%, 14.63%","-10.34%, -8.07%, -6.58%",4164.TW,承業醫
4190.TW,13,3,10,23.076923076923077,"21.47%, 4.74%, 0.69%","-10.35%, -8.77%, -8.64%",4190.TW,佐登-KY
4306.TW,13,8,5,61.53846153846154,"15.90%, 13.61%, 7.31%","-3.83%, -2.78%, -1.51%",4306.TW,炎洲
4414.TW,11,2,9,18.181818181818183,"13.31%, 1.37%","-12.75%, -9.24%, -6.09%",4414.TW,如興
4426.TW,13,3,10,23.076923076923077,"26.56%, 9.64%, 2.19%","-8.29%, -7.91%, -6.40%",4426.TW,利勤
4438.TW,14,5,9,35.714285714285715,"19.50%, 7.83%, 1.80%","-18.43%, -5.13%, -4.76%",4438.TW,廣越
4439.TW,12,6,6,50.0,"11.15%, 8.42%, 6.92%","-4.85%, -2.31%, -2.29%",4439.TW,冠星-KY
4440.TW,12,4,8,33.33333333333333,"8.39%, 5.41%, 1.71%","-6.53%, -2.49%, -2.12%",4440.TW,宜新實業
4526.TW,14,6,8,42.857142857142854,"20.41%, 18.06%, 9.94%","-5.46%, -5.04%, -4.03%",4526.TW,東台
4532.TW,11,6,5,54.54545454545454,"32.27%, 12.19%, 7.74%","-4.22%, -3.92%, -3.87%",4532.TW,瑞智
4536.TW,13,9,4,69.23076923076923,"36.99%, 6.73%, 4.55%","-15.65%, -5.28%, -3.73%",4536.TW,拓凱
4540.TW,13,6,7,46.15384615384615,"13.12%, 6.06%, 2.52%","-15.21%, -8.41%, -6.30%",4540.TW,全球傳動
4545.TW,12,6,6,50.0,"61.52%, 8.52%, 4.03%","-9.52%, -6.39%, -4.82%",4545.TW,銘鈺
4551.TW,11,3,8,27.27272727272727,"9.66%, 8.37%, 6.89%","-14.54%, -9.17%, -7.49%",4551.TW,智伸科
4552.TW,13,3,10,23.076923076923077,"10.82%, 6.49%, 4.30%","-15.13%, -5.51%, -3.42%",4552.TW,力達-KY
4555.TW,14,4,10,28.57142857142857,"12.49%, 8.45%, 6.42%","-13.76%, -12.97%, -7.93%",4555.TW,氣立
4557.TW,14,5,9,35.714285714285715,"43.95%, 22.17%, 9.60%","-7.75%, -5.53%, -3.81%",4557.TW,永新-KY
4560.TW,17,5,12,29.411764705882355,"2.98%, 1.24%, 1.16%","-1.48%, -1.46%, -1.03%",4560.TW,強信-KY
4562.TW,13,2,11,15.384615384615385,"196.92%, 9.30%","-3.87%, -3.76%, -3.34%",4562.TW,穎漢
4564.TW,14,3,11,21.428571428571427,"3.30%, 2.17%, 2.08%","-15.49%, -9.24%, -8.69%",4564.TW,元翎
4566.TW,13,6,7,46.15384615384615,"61.03%, 5.15%, 4.97%","-4.69%, -4.33%, -3.74%",4566.TW,時碩工業
4569.TW,7,2,5,28.57142857142857,"151.00%, 12.96%","-11.45%, -9.71%, -3.62%",4569.TW,六方科-KY
4571.TW,15,4,11,26.666666666666668,"29.84%, 22.39%, 9.83%","-14.78%, -8.96%, -6.93%",4571.TW,鈞興-KY
4572.TW,13,6,7,46.15384615384615,"34.80%, 9.96%, 9.74%","-4.83%, -4.20%, -3.61%",4572.TW,駐龍
4576.TW,14,3,11,21.428571428571427,"23.83%, 2.79%, 2.26%","-14.82%, -11.94%, -9.44%",4576.TW,大銀微系統
4581.TW,13,5,8,38.46153846153847,"65.27%, 7.67%, 5.65%","-13.51%, -6.50%, -4.74%",4581.TW,光隆精密-KY
4583.TW,10,5,5,50.0,"164.29%, 20.56%, 12.54%","-9.64%, -6.97%, -3.14%",4583.TW,台灣精銳
4588.TW,10,4,6,40.0,"52.63%, 21.69%, 0.17%","-29.82%, -12.62%, -9.57%",4588.TW,玖鼎電力
4720.TW,13,4,9,30.76923076923077,"33.04%, 10.99%, 0.67%","-12.07%, -5.30%, -4.50%",4720.TW,德淵
4722.TW,14,4,10,28.57142857142857,"25.84%, 9.26%, 2.64%","-10.82%, -5.53%, -5.07%",4722.TW,國精化
4736.TW,2,1,1,50.0,7.44%,-0.69%,4736.TW,泰博
4737.TW,14,2,12,14.285714285714285,"11.76%, 1.02%","-12.58%, -7.11%, -6.68%",4737.TW,華廣
4739.TW,12,3,9,25.0,"3.62%, 3.15%, 2.31%","-8.21%, -7.64%, -6.68%",4739.TW,康普
4746.TW,15,6,9,40.0,"30.32%, 18.54%, 11.11%","-16.98%, -9.50%, -8.60%",4746.TW,台耀
4755.TW,14,5,9,35.714285714285715,"18.21%, 10.23%, 6.12%","-11.37%, -6.99%, -4.25%",4755.TW,三福化
4763.TW,11,8,3,72.72727272727273,"154.13%, 46.51%, 38.07%","-4.12%, -3.37%, -3.12%",4763.TW,材料-KY
4764.TW,17,4,13,23.52941176470588,"17.99%, 2.82%, 1.73%","-8.21%, -7.41%, -7.39%",4764.TW,雙鍵
4766.TW,13,7,6,53.84615384615385,"32.72%, 17.22%, 10.25%","-3.86%, -3.01%, -2.96%",4766.TW,南寶
4770.TW,12,5,7,41.66666666666667,"28.95%, 20.88%, 16.70%","-6.31%, -5.68%, -5.24%",4770.TW,上品
4771.TW,1,0,1,0.0,,-7.05%,4771.TW,望隼
4807.TW,13,5,8,38.46153846153847,"4.55%, 2.17%, 1.79%","-7.73%, -7.04%, -4.20%",4807.TW,日成-KY
4904.TW,15,9,6,60.0,"18.00%, 15.92%, 9.65%","-7.59%, -3.97%, -3.75%",4904.TW,遠傳
4906.TW,15,4,11,26.666666666666668,"20.90%, 12.50%, 5.83%","-12.37%, -12.07%, -6.86%",4906.TW,正文
4912.TW,16,4,12,25.0,"46.17%, 2.15%, 0.49%","-11.94%, -10.61%, -9.77%",4912.TW,聯德控股-KY
4915.TW,10,6,4,60.0,"38.97%, 27.80%, 8.84%","-10.99%, -5.49%, -4.00%",4915.TW,致伸
4916.TW,13,5,8,38.46153846153847,"23.27%, 18.63%, 16.30%","-13.17%, -11.51%, -10.49%",4916.TW,事欣科
4919.TW,16,6,10,37.5,"19.20%, 12.38%, 7.80%","-7.69%, -6.25%, -4.92%",4919.TW,新唐
4927.TW,14,3,11,21.428571428571427,"12.32%, 1.86%, 1.54%","-13.62%, -10.95%, -7.63%",4927.TW,泰鼎-KY
4930.TW,14,10,4,71.42857142857143,"17.85%, 7.75%, 6.25%","-25.67%, -16.04%, -5.15%",4930.TW,燦星網
4934.TW,12,4,8,33.33333333333333,"17.96%, 11.11%, 4.95%","-12.58%, -11.16%, -8.12%",4934.TW,太極
4935.TW,16,6,10,37.5,"20.00%, 5.04%, 4.19%","-8.20%, -6.61%, -4.45%",4935.TW,茂林-KY
4938.TW,14,5,9,35.714285714285715,"17.79%, 13.33%, 10.94%","-10.21%, -7.13%, -4.12%",4938.TW,和碩
4942.TW,11,6,5,54.54545454545454,"4.52%, 4.45%, 3.68%","-4.62%, -3.15%, -1.45%",4942.TW,嘉彰
4943.TW,11,2,9,18.181818181818183,"46.69%, 35.27%","-45.96%, -11.75%, -9.40%",4943.TW,康控-KY
4952.TW,16,5,11,31.25,"29.52%, 16.28%, 13.56%","-14.64%, -12.90%, -8.40%",4952.TW,凌通
4956.TW,13,4,9,30.76923076923077,"35.37%, 10.62%, 5.03%","-10.57%, -9.14%, -5.88%",4956.TW,光鋐
4958.TW,15,4,11,26.666666666666668,"11.41%, 5.99%, 2.88%","-5.95%, -5.00%, -4.97%",4958.TW,臻鼎-KY
4960.TW,16,5,11,31.25,"25.00%, 10.29%, 6.37%","-20.83%, -12.90%, -10.73%",4960.TW,誠美材
4961.TW,16,3,13,18.75,"23.91%, 19.05%, 16.91%","-17.05%, -14.79%, -10.80%",4961.TW,天鈺
4967.TW,12,6,6,50.0,"106.35%, 61.25%, 42.64%","-11.65%, -9.34%, -7.43%",4967.TW,十銓
4968.TW,13,7,6,53.84615384615385,"30.68%, 24.91%, 11.32%","-13.32%, -13.18%, -9.23%",4968.TW,立積
4976.TW,13,2,11,15.384615384615385,"16.30%, 1.13%","-11.11%, -10.89%, -8.60%",4976.TW,佳凌
4977.TW,13,4,9,30.76923076923077,"45.22%, 42.11%, 1.21%","-20.18%, -13.60%, -11.16%",4977.TW,眾達-KY
4989.TW,18,4,14,22.22222222222222,"2.94%, 1.96%, 1.69%","-9.28%, -7.01%, -4.37%",4989.TW,榮科
4994.TW,17,3,14,17.647058823529413,"86.31%, 7.89%, 1.50%","-20.88%, -9.89%, -9.80%",4994.TW,傳奇
4999.TW,16,2,14,12.5,"9.75%, 4.75%","-4.67%, -2.62%, -2.25%",4999.TW,鑫禾
5007.TW,17,9,8,52.94117647058824,"14.75%, 6.26%, 4.52%","-3.36%, -2.22%, -2.10%",5007.TW,三星
5203.TW,16,4,12,25.0,"13.11%, 9.67%, 4.67%","-19.03%, -9.71%, -7.26%",5203.TW,訊連
5215.TW,14,3,11,21.428571428571427,"27.37%, 7.02%, 6.52%","-10.09%, -9.47%, -8.15%",5215.TW,科嘉-KY
5222.TW,16,5,11,31.25,"37.37%, 8.46%, 6.34%","-16.04%, -9.46%, -8.88%",5222.TW,全訊
5225.TW,16,5,11,31.25,"63.55%, 28.25%, 21.99%","-14.08%, -12.89%, -8.85%",5225.TW,東科-KY
5234.TW,9,7,2,77.77777777777779,"74.73%, 56.80%, 40.75%","-5.12%, -1.55%",5234.TW,達興材料
5243.TW,14,6,8,42.857142857142854,"14.38%, 10.75%, 10.23%","-9.67%, -9.09%, -6.34%",5243.TW,乙盛-KY
5244.TW,10,6,4,60.0,"49.22%, 13.35%, 9.78%","-5.85%, -4.23%, -4.12%",5244.TW,弘凱
5258.TW,12,6,6,50.0,"35.21%, 26.46%, 23.07%","-9.66%, -8.85%, -4.86%",5258.TW,虹堡
5269.TW,9,3,6,33.33333333333333,"106.06%, 42.50%, 8.44%","-12.50%, -8.43%, -8.36%",5269.TW,祥碩
5283.TW,11,6,5,54.54545454545454,"8.76%, 8.23%, 3.70%","-2.81%, -1.35%, -1.05%",5283.TW,禾聯碩
5284.TW,13,5,8,38.46153846153847,"164.12%, 43.51%, 28.94%","-13.68%, -9.31%, -8.03%",5284.TW,jpp-KY
5285.TW,13,3,10,23.076923076923077,"25.23%, 11.41%, 5.72%","-11.75%, -10.61%, -10.50%",5285.TW,界霖
5288.TW,18,8,10,44.44444444444444,"7.87%, 7.65%, 5.67%","-15.63%, -7.47%, -7.14%",5288.TW,豐祥-KY
5292.TW,14,9,5,64.28571428571429,"57.80%, 7.94%, 7.79%","-6.55%, -5.77%, -2.40%",5292.TW,華懋
5306.TW,18,8,10,44.44444444444444,"11.96%, 5.96%, 4.29%","-8.12%, -7.41%, -6.74%",5306.TW,桂盟
5388.TW,13,7,6,53.84615384615385,"28.81%, 17.16%, 8.12%","-10.13%, -8.16%, -7.08%",5388.TW,中磊
5434.TW,12,7,5,58.333333333333336,"47.91%, 10.06%, 10.05%","-7.89%, -7.22%, -3.83%",5434.TW,崇越
5469.TW,11,4,7,36.36363636363637,"67.16%, 2.47%, 2.27%","-8.95%, -6.78%, -5.79%",5469.TW,瀚宇博
5471.TW,14,3,11,21.428571428571427,"20.82%, 6.52%, 5.53%","-8.22%, -8.18%, -7.93%",5471.TW,松翰
5484.TW,9,5,4,55.55555555555556,"166.27%, 75.82%, 10.68%","-16.88%, -5.04%, -1.93%",5484.TW,慧友
5515.TW,11,5,6,45.45454545454545,"33.15%, 23.39%, 23.38%","-5.68%, -3.87%, -2.54%",5515.TW,建國
5519.TW,11,7,4,63.63636363636363,"39.28%, 27.15%, 8.45%","-5.90%, -3.94%, -1.81%",5519.TW,隆大
5521.TW,12,3,9,25.0,"82.97%, 10.29%, 3.49%","-9.80%, -8.05%, -7.15%",5521.TW,工信
5522.TW,10,5,5,50.0,"51.47%, 9.77%, 9.01%","-17.61%, -1.41%, -1.40%",5522.TW,遠雄
5525.TW,13,9,4,69.23076923076923,"28.83%, 19.40%, 9.16%","-3.39%, -3.11%, -1.50%",5525.TW,順天
5531.TW,14,6,8,42.857142857142854,"13.78%, 7.58%, 7.43%","-8.81%, -8.29%, -4.11%",5531.TW,鄉林
5533.TW,13,5,8,38.46153846153847,"16.62%, 12.43%, 6.83%","-7.40%, -6.50%, -5.85%",5533.TW,皇鼎
5534.TW,12,5,7,41.66666666666667,"49.35%, 7.96%, 4.69%","-3.62%, -3.50%, -3.29%",5534.TW,長虹
5538.TW,13,4,9,30.76923076923077,"4.31%, 1.79%, 0.00%","-15.02%, -6.00%, -4.62%",5538.TW,東明-KY
5546.TW,13,3,10,23.076923076923077,"6.60%, 4.06%, 0.55%","-11.43%, -5.91%, -5.04%",5546.TW,永固-KY
5607.TW,12,4,8,33.33333333333333,"32.83%, 8.84%, 5.16%","-7.89%, -7.62%, -7.34%",5607.TW,遠雄港
5608.TW,15,5,10,33.33333333333333,"7.18%, 5.46%, 3.62%","-11.86%, -10.93%, -10.12%",5608.TW,四維航
5706.TW,13,5,8,38.46153846153847,"48.44%, 19.21%, 16.54%","-13.30%, -10.62%, -7.57%",5706.TW,鳳凰
5871.TW,14,1,13,7.142857142857142,19.63%,"-9.43%, -8.94%, -7.99%",5871.TW,中租-KY
5876.TW,17,2,15,11.76470588235294,"3.58%, 2.02%","-5.05%, -4.36%, -4.29%",5876.TW,上海商銀
5880.TW,16,9,7,56.25,"7.20%, 6.48%, 2.93%","-4.46%, -3.21%, -3.05%",5880.TW,合庫金
5906.TW,15,5,10,33.33333333333333,"108.91%, 7.21%, 5.10%","-9.84%, -9.09%, -8.78%",5906.TW,台南-KY
5907.TW,14,4,10,28.57142857142857,"28.91%, 8.79%, 2.30%","-12.31%, -11.60%, -6.97%",5907.TW,大洋-KY
6005.TW,13,9,4,69.23076923076923,"51.55%, 13.64%, 6.48%","-2.66%, -2.14%, -1.59%",6005.TW,群益證
6024.TW,12,8,4,66.66666666666666,"16.26%, 10.26%, 8.27%","-2.14%, -1.79%, -1.42%",6024.TW,群益期
6108.TW,15,6,9,40.0,"3.54%, 3.33%, 2.77%","-20.50%, -11.52%, -11.45%",6108.TW,競國
6112.TW,17,6,11,35.294117647058826,"109.72%, 4.29%, 3.36%","-19.90%, -16.30%, -7.56%",6112.TW,邁達特
6115.TW,11,9,2,81.81818181818183,"15.93%, 13.09%, 1.81%","-1.50%, -0.94%",6115.TW,鎰勝
6116.TW,13,4,9,30.76923076923077,"12.12%, 6.28%, 1.21%","-16.76%, -6.11%, -4.99%",6116.TW,彩晶
6117.TW,14,7,7,50.0,"57.81%, 46.34%, 27.34%","-16.13%, -13.17%, -9.46%",6117.TW,迎廣
6120.TW,16,7,9,43.75,"48.04%, 13.69%, 6.14%","-14.38%, -8.24%, -4.17%",6120.TW,達運
6128.TW,17,7,10,41.17647058823529,"18.43%, 7.96%, 5.23%","-8.45%, -6.85%, -3.78%",6128.TW,上福
6133.TW,15,5,10,33.33333333333333,"52.53%, 26.39%, 4.27%","-20.30%, -9.71%, -8.30%",6133.TW,金橋
6136.TW,13,6,7,46.15384615384615,"12.14%, 7.08%, 6.76%","-2.41%, -1.89%, -1.58%",6136.TW,富爾特
6139.TW,13,4,9,30.76923076923077,"296.77%, 20.43%, 9.14%","-13.09%, -12.34%, -6.49%",6139.TW,亞翔
6141.TW,12,3,9,25.0,"3.75%, 1.11%, 0.85%","-9.84%, -6.68%, -5.36%",6141.TW,柏承
6142.TW,12,5,7,41.66666666666667,"16.04%, 10.50%, 5.91%","-11.32%, -6.82%, -5.52%",6142.TW,友勁
6152.TW,15,4,11,26.666666666666668,"52.45%, 3.03%, 3.00%","-12.50%, -7.92%, -6.39%",6152.TW,百一
6153.TW,15,4,11,26.666666666666668,"20.58%, 2.98%, 1.45%","-16.90%, -13.92%, -11.46%",6153.TW,嘉聯益
6155.TW,16,4,12,25.0,"10.09%, 4.63%, 1.68%","-13.91%, -6.29%, -4.73%",6155.TW,鈞寶
6164.TW,11,3,8,27.27272727272727,"32.72%, 9.43%, 2.00%","-14.59%, -14.53%, -12.41%",6164.TW,華興
6165.TW,15,7,8,46.666666666666664,"25.33%, 8.51%, 6.90%","-10.00%, -6.23%, -6.11%",6165.TW,浪凡
6166.TW,13,4,9,30.76923076923077,"21.68%, 16.93%, 6.47%","-7.78%, -7.67%, -7.35%",6166.TW,凌華
6168.TW,12,4,8,33.33333333333333,"37.10%, 3.74%, 3.53%","-10.48%, -10.15%, -7.02%",6168.TW,宏齊
6176.TW,14,9,5,64.28571428571429,"42.16%, 16.85%, 9.60%","-7.12%, -2.77%, -1.95%",6176.TW,瑞儀
6177.TW,10,7,3,70.0,"67.91%, 23.34%, 15.41%","-14.53%, -3.58%, -0.91%",6177.TW,達麗
6183.TW,13,9,4,69.23076923076923,"14.39%, 11.49%, 8.13%","-3.81%, -2.04%, -1.21%",6183.TW,關貿
6184.TW,13,7,6,53.84615384615385,"7.13%, 5.85%, 4.41%","-2.04%, -1.74%, -1.06%",6184.TW,大豐電
6189.TW,10,6,4,60.0,"50.36%, 46.45%, 8.21%","-10.10%, -3.57%, -3.31%",6189.TW,豐藝
6191.TW,13,2,11,15.384615384615385,"104.78%, 5.28%","-12.02%, -9.07%, -8.33%",6191.TW,精成科
6192.TW,12,4,8,33.33333333333333,"32.08%, 13.51%, 6.04%","-4.47%, -2.83%, -2.43%",6192.TW,巨路
6196.TW,16,4,12,25.0,"16.73%, 7.02%, 5.73%","-11.64%, -10.65%, -7.75%",6196.TW,帆宣
6197.TW,11,6,5,54.54545454545454,"80.55%, 51.61%, 23.91%","-14.89%, -13.81%, -10.42%",6197.TW,佳必琪
6201.TW,12,5,7,41.66666666666667,"38.07%, 33.20%, 2.36%","-3.79%, -3.03%, -2.64%",6201.TW,亞弘電
6202.TW,12,3,9,25.0,"5.17%, 3.76%, 2.41%","-15.20%, -5.48%, -3.91%",6202.TW,盛群
6205.TW,15,7,8,46.666666666666664,"7.46%, 6.56%, 4.06%","-9.60%, -9.43%, -8.81%",6205.TW,詮欣
6206.TW,13,5,8,38.46153846153847,"31.70%, 17.07%, 8.82%","-8.61%, -7.02%, -6.48%",6206.TW,飛捷
6209.TW,14,4,10,28.57142857142857,"14.49%, 8.32%, 1.94%","-8.63%, -8.42%, -6.77%",6209.TW,今國光
6213.TW,17,5,12,29.411764705882355,"5.73%, 5.58%, 4.12%","-16.44%, -13.59%, -10.27%",6213.TW,聯茂
6214.TW,12,6,6,50.0,"59.47%, 12.20%, 9.92%","-10.74%, -5.46%, -5.07%",6214.TW,精誠
6215.TW,14,5,9,35.714285714285715,"129.86%, 13.37%, 2.06%","-16.50%, -10.83%, -7.05%",6215.TW,和椿
6216.TW,13,7,6,53.84615384615385,"24.69%, 13.83%, 9.03%","-20.37%, -5.88%, -4.10%",6216.TW,居易
6224.TW,14,2,12,14.285714285714285,"9.76%, 5.05%","-13.19%, -10.20%, -4.21%",6224.TW,聚鼎
6225.TW,14,5,9,35.714285714285715,"76.56%, 32.63%, 16.67%","-15.81%, -12.39%, -11.90%",6225.TW,天瀚
6226.TW,13,5,8,38.46153846153847,"2.88%, 2.43%, 1.96%","-8.21%, -4.81%, -4.47%",6226.TW,光鼎
6230.TW,9,4,5,44.44444444444444,"94.41%, 33.33%, 15.53%","-16.23%, -14.16%, -9.54%",6230.TW,尼得科超眾
6235.TW,15,4,11,26.666666666666668,"208.44%, 6.18%, 4.99%","-21.76%, -13.27%, -9.65%",6235.TW,華孚
6239.TW,10,7,3,70.0,"20.40%, 20.38%, 9.37%","-7.75%, -1.73%, -1.25%",6239.TW,力成
6243.TW,12,5,7,41.66666666666667,"43.64%, 25.17%, 23.29%","-14.29%, -13.31%, -10.53%",6243.TW,迅杰
6257.TW,14,6,8,42.857142857142854,"10.93%, 8.21%, 7.03%","-8.29%, -7.51%, -6.76%",6257.TW,矽格
6269.TW,14,4,10,28.57142857142857,"6.33%, 5.42%, 2.01%","-11.99%, -6.50%, -6.26%",6269.TW,台郡
6271.TW,16,4,12,25.0,"5.34%, 4.41%, 4.40%","-12.29%, -10.69%, -7.74%",6271.TW,同欣電
6277.TW,15,9,6,60.0,"9.29%, 3.16%, 1.75%","-2.79%, -2.38%, -1.99%",6277.TW,宏正
6278.TW,13,7,6,53.84615384615385,"18.26%, 5.60%, 3.25%","-12.00%, -11.21%, -4.27%",6278.TW,台表科
6281.TW,17,9,8,52.94117647058824,"10.04%, 4.37%, 2.64%","-1.05%, -0.84%, -0.61%",6281.TW,全國電
6282.TW,15,5,10,33.33333333333333,"23.40%, 7.96%, 5.76%","-12.07%, -9.52%, -9.32%",6282.TW,康舒
6283.TW,14,6,8,42.857142857142854,"20.99%, 3.22%, 2.33%","-11.80%, -8.50%, -7.85%",6283.TW,淳安
6285.TW,13,5,8,38.46153846153847,"48.08%, 14.47%, 11.36%","-12.31%, -4.11%, -4.09%",6285.TW,啟碁
6288.TW,14,6,8,42.857142857142854,"37.15%, 4.66%, 2.11%","-16.28%, -7.79%, -7.48%",6288.TW,聯嘉
6405.TW,13,6,7,46.15384615384615,"50.61%, 6.60%, 4.90%","-11.74%, -5.08%, -2.27%",6405.TW,悅城
6409.TW,15,8,7,53.333333333333336,"10.39%, 8.19%, 6.46%","-12.06%, -8.20%, -8.10%",6409.TW,旭隼
6412.TW,11,5,6,45.45454545454545,"36.85%, 14.65%, 12.67%","-12.15%, -4.02%, -1.52%",6412.TW,群電
6414.TW,14,8,6,57.14285714285714,"20.88%, 9.85%, 2.89%","-7.46%, -4.82%, -3.46%",6414.TW,樺漢
6415.TW,10,3,7,30.0,"37.35%, 23.49%, 1.18%","-15.33%, -15.00%, -11.80%",6415.TW,矽力*-KY
6416.TW,12,5,7,41.66666666666667,"17.78%, 11.54%, 8.69%","-11.23%, -5.84%, -5.58%",6416.TW,瑞祺電通
6426.TW,18,2,16,11.11111111111111,"32.90%, 8.26%","-12.14%, -10.80%, -7.87%",6426.TW,統新
6431.TW,12,1,11,8.333333333333332,1.41%,"-12.85%, -12.57%, -9.09%",6431.TW,光麗-KY
6438.TW,15,5,10,33.33333333333333,"58.68%, 23.56%, 16.94%","-18.44%, -9.50%, -7.03%",6438.TW,迅得
6442.TW,13,9,4,69.23076923076923,"109.53%, 98.93%, 50.62%","-20.75%, -8.51%, -6.50%",6442.TW,光聖
6443.TW,15,2,13,13.333333333333334,"5.19%, 1.75%","-9.61%, -8.20%, -7.14%",6443.TW,元晶
6446.TW,13,5,8,38.46153846153847,"94.31%, 43.82%, 7.41%","-15.93%, -13.33%, -5.61%",6446.TW,藥華藥
6449.TW,14,8,6,57.14285714285714,"29.54%, 29.01%, 28.91%","-6.31%, -2.96%, -2.85%",6449.TW,鈺邦
6451.TW,15,6,9,40.0,"21.24%, 14.66%, 9.39%","-11.09%, -10.40%, -7.79%",6451.TW,訊芯-KY
6456.TW,14,3,11,21.428571428571427,"1.68%, 0.70%, 0.25%","-14.43%, -7.89%, -6.29%",6456.TW,GIS-KY
6464.TW,19,5,14,26.31578947368421,"9.50%, 5.95%, 2.74%","-3.36%, -3.12%, -2.65%",6464.TW,台數科
6472.TW,6,0,6,0.0,,"-8.16%, -5.01%, -3.74%",6472.TW,保瑞
6477.TW,12,5,7,41.66666666666667,"22.96%, 8.82%, 5.28%","-12.84%, -7.42%, -2.65%",6477.TW,安集
6491.TW,12,3,9,25.0,"30.63%, 20.20%, 5.85%","-11.14%, -9.90%, -7.48%",6491.TW,晶碩
6504.TW,10,4,6,40.0,"11.02%, 2.81%, 1.14%","-5.77%, -4.54%, -4.01%",6504.TW,南六
6505.TW,16,2,14,12.5,"4.24%, 2.59%","-7.72%, -5.62%, -4.35%",6505.TW,台塑化
6515.TW,15,7,8,46.666666666666664,"57.55%, 18.77%, 18.57%","-12.27%, -9.77%, -6.85%",6515.TW,穎崴
6525.TW,15,6,9,40.0,"9.46%, 3.43%, 1.68%","-10.43%, -6.35%, -4.95%",6525.TW,捷敏-KY
6526.TW,5,3,2,60.0,"11.09%, 7.95%, 2.26%","-2.00%, -0.34%",6526.TW,達發
6531.TW,13,5,8,38.46153846153847,"55.32%, 11.15%, 3.18%","-14.55%, -13.46%, -13.15%",6531.TW,愛普*
6533.TW,12,6,6,50.0,"37.08%, 24.85%, 8.12%","-10.46%, -9.42%, -8.55%",6533.TW,晶心科
6541.TW,17,4,13,23.52941176470588,"19.90%, 5.00%, 3.67%","-11.92%, -11.59%, -8.85%",6541.TW,泰福-KY
6550.TW,13,3,10,23.076923076923077,"14.55%, 12.11%, 0.42%","-10.51%, -9.99%, -9.36%",6550.TW,北極星藥業-KY
6552.TW,14,4,10,28.57142857142857,"36.84%, 9.68%, 2.56%","-11.48%, -9.46%, -8.51%",6552.TW,易華電
6558.TW,11,7,4,63.63636363636363,"11.25%, 8.88%, 5.19%","-11.72%, -6.64%, -5.27%",6558.TW,興能高
6573.TW,16,5,11,31.25,"14.13%, 3.37%, 3.34%","-11.68%, -10.70%, -9.97%",6573.TW,虹揚-KY
6579.TW,16,6,10,37.5,"33.28%, 26.45%, 21.37%","-12.42%, -9.78%, -9.15%",6579.TW,研揚
6581.TW,15,8,7,53.333333333333336,"19.71%, 4.09%, 2.97%","-8.57%, -5.91%, -3.80%",6581.TW,鋼聯
6582.TW,14,7,7,50.0,"15.81%, 12.02%, 6.74%","-11.90%, -6.87%, -4.61%",6582.TW,申豐
6585.TW,14,5,9,35.714285714285715,"110.23%, 26.92%, 14.49%","-19.18%, -12.91%, -12.87%",6585.TW,鼎基
6591.TW,16,7,9,43.75,"17.92%, 15.25%, 6.30%","-13.63%, -8.10%, -7.85%",6591.TW,動力-KY
6592.TW,14,3,11,21.428571428571427,"22.17%, 14.94%, 4.40%","-6.69%, -6.30%, -5.36%",6592.TW,和潤企業
6598.TW,12,3,9,25.0,"14.94%, 5.46%, 4.79%","-13.82%, -4.96%, -2.56%",6598.TW,ABC-KY
6605.TW,13,8,5,61.53846153846154,"34.88%, 31.28%, 17.72%","-9.63%, -5.81%, -5.14%",6605.TW,帝寶
6606.TW,18,7,11,38.88888888888889,"10.31%, 5.00%, 4.08%","-5.40%, -3.46%, -2.87%",6606.TW,建德工業
6625.TW,14,4,10,28.57142857142857,"131.31%, 45.51%, 3.62%","-21.02%, -10.32%, -9.43%",6625.TW,必應
6641.TW,10,6,4,60.0,"9.90%, 2.60%, 1.32%","-3.80%, -2.37%, -1.68%",6641.TW,基士德-KY
6655.TW,16,9,7,56.25,"53.90%, 13.28%, 3.03%","-10.39%, -3.08%, -1.91%",6655.TW,科定
6657.TW,8,1,7,12.5,7.77%,"-9.73%, -9.17%, -8.62%",6657.TW,華安
6658.TW,5,3,2,60.0,"48.08%, 7.90%, 7.51%","-11.32%, -1.33%",6658.TW,聯策
6666.TW,17,3,14,17.647058823529413,"18.44%, 0.85%, 0.48%","-13.82%, -13.38%, -12.30%",6666.TW,羅麗芬-KY
6668.TW,12,5,7,41.66666666666667,"28.92%, 26.15%, 7.00%","-13.49%, -6.02%, -5.15%",6668.TW,中揚光
6669.TW,11,5,6,45.45454545454545,"41.33%, 20.24%, 17.31%","-8.97%, -6.01%, -4.00%",6669.TW,緯穎
6670.TW,13,7,6,53.84615384615385,"38.04%, 7.97%, 5.56%","-2.47%, -2.17%, -2.14%",6670.TW,復盛應用
6671.TW,13,6,7,46.15384615384615,"12.30%, 5.91%, 0.77%","-5.22%, -2.32%, -2.23%",6671.TW,三能-KY
6672.TW,14,5,9,35.714285714285715,"26.91%, 2.00%, 1.13%","-6.80%, -5.58%, -4.83%",6672.TW,騰輝電子-KY
6674.TW,15,3,12,20.0,"16.96%, 3.23%, 1.95%","-11.64%, -9.70%, -8.21%",6674.TW,鋐寶科技
6689.TW,12,3,9,25.0,"52.42%, 5.68%, 5.02%","-17.48%, -16.64%, -15.41%",6689.TW,伊雲谷
6691.TW,11,7,4,63.63636363636363,"57.59%, 26.06%, 21.09%","-6.13%, -5.78%, -5.58%",6691.TW,洋基工程
6695.TW,10,1,9,10.0,101.69%,"-14.47%, -10.09%, -9.41%",6695.TW,芯鼎
6698.TW,12,5,7,41.66666666666667,"15.85%, 6.40%, 2.18%","-15.76%, -9.30%, -7.56%",6698.TW,旭暉應材
6706.TW,12,6,6,50.0,"105.66%, 27.45%, 4.71%","-8.81%, -6.80%, -5.45%",6706.TW,惠特
6715.TW,12,7,5,58.333333333333336,"38.52%, 15.66%, 7.65%","-15.95%, -10.87%, -7.19%",6715.TW,嘉基
6719.TW,15,5,10,33.33333333333333,"9.47%, 4.64%, 3.56%","-13.14%, -10.82%, -9.74%",6719.TW,力智
6742.TW,11,4,7,36.36363636363637,"53.00%, 17.81%, 4.87%","-12.94%, -6.35%, -4.44%",6742.TW,澤米
6743.TW,15,6,9,40.0,"42.40%, 15.81%, 2.80%","-16.32%, -12.66%, -10.99%",6743.TW,安普新
6753.TW,13,8,5,61.53846153846154,"63.64%, 35.33%, 21.15%","-11.28%, -7.91%, -5.29%",6753.TW,龍德造船
6754.TW,13,9,4,69.23076923076923,"20.89%, 19.51%, 17.78%","-2.68%, -2.30%, -1.02%",6754.TW,匯僑設計
6756.TW,15,3,12,20.0,"9.05%, 7.03%, 0.90%","-17.58%, -16.54%, -16.05%",6756.TW,威鋒電子
6768.TW,17,7,10,41.17647058823529,"48.68%, 33.09%, 4.69%","-11.34%, -10.82%, -6.68%",6768.TW,志強-KY
6770.TW,14,4,10,28.57142857142857,"8.18%, 4.02%, 2.85%","-12.68%, -7.44%, -6.02%",6770.TW,力積電
6776.TW,14,3,11,21.428571428571427,"47.54%, 18.32%, 3.06%","-9.66%, -5.26%, -5.06%",6776.TW,展碁國際
6781.TW,12,6,6,50.0,"9.56%, 5.55%, 3.56%","-19.74%, -7.38%, -6.88%",6781.TW,AES-KY
6782.TW,11,4,7,36.36363636363637,"58.30%, 20.40%, 18.99%","-24.04%, -19.41%, -9.47%",6782.TW,視陽
6789.TW,15,7,8,46.666666666666664,"29.30%, 9.50%, 8.30%","-12.30%, -11.81%, -10.29%",6789.TW,采鈺
6790.TW,13,6,7,46.15384615384615,"16.26%, 7.11%, 3.13%","-5.24%, -2.17%, -1.95%",6790.TW,永豐實
6792.TW,15,4,11,26.666666666666668,"10.40%, 7.95%, 3.05%","-14.67%, -14.10%, -13.17%",6792.TW,詠業
6796.TW,12,5,7,41.66666666666667,"109.20%, 14.94%, 13.46%","-14.94%, -10.28%, -9.93%",6796.TW,晉弘
6799.TW,10,4,6,40.0,"42.79%, 16.88%, 4.15%","-15.54%, -15.22%, -14.95%",6799.TW,來頡
6805.TW,6,3,3,50.0,"73.19%, 6.19%, 0.70%","-10.70%, -3.50%, -2.62%",6805.TW,富世達
6806.TW,14,5,9,35.714285714285715,"31.58%, 26.67%, 23.01%","-11.91%, -8.63%, -8.40%",6806.TW,森崴能源
6807.TW,13,6,7,46.15384615384615,"69.96%, 26.57%, 9.16%","-3.63%, -2.34%, -2.23%",6807.TW,峰源-KY
6830.TW,16,7,9,43.75,"36.43%, 31.47%, 4.14%","-13.99%, -9.27%, -6.67%",6830.TW,汎銓
6834.TW,12,4,8,33.33333333333333,"38.92%, 6.02%, 1.02%","-11.67%, -11.03%, -9.04%",6834.TW,天二科技
6835.TW,17,6,11,35.294117647058826,"26.41%, 9.57%, 3.64%","-20.26%, -13.65%, -10.95%",6835.TW,圓裕
6861.TW,13,2,11,15.384615384615385,"51.94%, 2.47%","-22.69%, -19.46%, -13.70%",6861.TW,睿生光電
6863.TW,6,2,4,33.33333333333333,"54.30%, 11.34%","-9.87%, -7.96%, -2.07%",6863.TW,永道-KY
6901.TW,6,1,5,16.666666666666664,13.71%,"-15.45%, -5.62%, -3.80%",6901.TW,鑽石投資
6906.TW,4,1,3,25.0,13.44%,"-15.43%, -9.03%, -5.71%",6906.TW,現觀科
6916.TW,4,2,2,50.0,"12.58%, 6.95%","-3.08%, -2.77%",6916.TW,華凌
6933.TW,5,2,3,40.0,"19.22%, 12.61%","-12.10%, -5.23%, -4.62%",6933.TW,AMAX-KY
6937.TW,8,5,3,62.5,"22.49%, 14.34%, 12.43%","-8.79%, -6.26%, -4.89%",6937.TW,天虹
8011.TW,13,5,8,38.46153846153847,"23.66%, 22.30%, 10.58%","-10.34%, -6.14%, -5.83%",8011.TW,台通
8016.TW,12,4,8,33.33333333333333,"20.97%, 16.24%, 3.94%","-11.63%, -6.35%, -5.97%",8016.TW,矽創
8021.TW,16,6,10,37.5,"16.17%, 5.17%, 2.42%","-17.32%, -15.12%, -6.43%",8021.TW,尖點
8028.TW,21,7,14,33.33333333333333,"101.60%, 6.03%, 3.77%","-7.86%, -7.34%, -5.52%",8028.TW,昇陽半導體
8033.TW,12,5,7,41.66666666666667,"84.97%, 48.25%, 31.96%","-11.06%, -10.22%, -6.76%",8033.TW,雷虎
8039.TW,11,5,6,45.45454545454545,"23.63%, 8.44%, 7.26%","-10.09%, -4.59%, -3.38%",8039.TW,台虹
8046.TW,13,6,7,46.15384615384615,"12.59%, 3.77%, 3.73%","-10.73%, -8.74%, -8.38%",8046.TW,南電
8070.TW,10,3,7,30.0,"52.32%, 21.21%, 4.62%","-5.73%, -5.63%, -2.80%",8070.TW,長華*
8072.TW,14,6,8,42.857142857142854,"16.68%, 9.44%, 3.26%","-10.54%, -6.04%, -5.03%",8072.TW,陞泰
8081.TW,11,5,6,45.45454545454545,"48.43%, 16.23%, 14.59%","-10.02%, -8.17%, -5.38%",8081.TW,致新
8101.TW,12,5,7,41.66666666666667,"81.05%, 12.11%, 6.03%","-8.14%, -4.76%, -4.05%",8101.TW,華冠
8103.TW,14,4,10,28.57142857142857,"25.61%, 13.65%, 8.36%","-10.48%, -9.89%, -7.54%",8103.TW,瀚荃
8104.TW,16,3,13,18.75,"11.96%, 0.88%, 0.80%","-12.76%, -11.77%, -6.79%",8104.TW,錸寶
8105.TW,10,6,4,60.0,"27.38%, 11.82%, 9.40%","-8.73%, -7.05%, -4.44%",8105.TW,凌巨
8110.TW,14,4,10,28.57142857142857,"14.76%, 5.22%, 4.52%","-10.30%, -8.97%, -8.36%",8110.TW,華東
8112.TW,16,6,10,37.5,"34.69%, 17.16%, 14.76%","-9.76%, -7.56%, -6.01%",8112.TW,至上
8114.TW,14,6,8,42.857142857142854,"55.44%, 12.98%, 12.41%","-12.99%, -9.20%, -7.17%",8114.TW,振樺電
8131.TW,15,7,8,46.666666666666664,"9.38%, 4.48%, 4.39%","-7.46%, -4.12%, -3.49%",8131.TW,福懋科
8150.TW,13,7,6,53.84615384615385,"10.21%, 7.45%, 4.91%","-8.97%, -6.10%, -5.84%",8150.TW,南茂
8163.TW,16,6,10,37.5,"12.50%, 12.29%, 7.31%","-8.81%, -7.10%, -6.72%",8163.TW,達方
8201.TW,13,5,8,38.46153846153847,"37.88%, 16.83%, 12.25%","-8.59%, -8.25%, -7.73%",8201.TW,無敵
8210.TW,15,5,10,33.33333333333333,"116.73%, 14.07%, 13.43%","-22.51%, -16.49%, -14.76%",8210.TW,勤誠
8213.TW,13,3,10,23.076923076923077,"9.04%, 5.79%, 3.60%","-5.38%, -4.30%, -4.11%",8213.TW,志超
8215.TW,13,4,9,30.76923076923077,"7.37%, 7.08%, 5.45%","-14.89%, -9.01%, -7.84%",8215.TW,明基材
8222.TW,15,5,10,33.33333333333333,"129.72%, 57.43%, 22.22%","-11.32%, -10.00%, -9.90%",8222.TW,寶一
8249.TW,14,7,7,50.0,"77.87%, 24.59%, 3.90%","-23.00%, -7.46%, -3.24%",8249.TW,菱光
8261.TW,18,5,13,27.77777777777778,"9.44%, 7.28%, 5.42%","-10.39%, -8.81%, -6.92%",8261.TW,富鼎
8271.TW,14,7,7,50.0,"20.47%, 8.49%, 6.01%","-11.27%, -7.65%, -5.12%",8271.TW,宇瞻
8341.TW,12,2,10,16.666666666666664,"17.92%, 7.43%","-5.95%, -5.88%, -5.46%",8341.TW,日友
8367.TW,9,5,4,55.55555555555556,"36.94%, 13.23%, 12.27%","-8.23%, -3.09%, -1.07%",8367.TW,建新國際
8374.TW,10,6,4,60.0,"241.55%, 7.21%, 6.39%","-9.52%, -5.11%, -0.96%",8374.TW,羅昇
8404.TW,13,2,11,15.384615384615385,"57.30%, 7.85%","-14.87%, -9.33%, -7.25%",8404.TW,百和興業-KY
8411.TW,15,2,13,13.333333333333334,"12.12%, 2.79%","-4.97%, -4.47%, -3.42%",8411.TW,福貞-KY
8422.TW,16,6,10,37.5,"8.11%, 6.45%, 3.03%","-5.46%, -5.16%, -2.46%",8422.TW,可寧衛
8429.TW,19,6,13,31.57894736842105,"4.24%, 3.33%, 2.90%","-9.09%, -8.24%, -7.17%",8429.TW,金麗-KY
8438.TW,13,5,8,38.46153846153847,"55.46%, 5.91%, 3.29%","-14.27%, -7.31%, -5.12%",8438.TW,昶昕
8442.TW,16,7,9,43.75,"17.87%, 15.28%, 11.42%","-7.87%, -7.09%, -5.39%",8442.TW,威宏-KY
8443.TW,18,6,12,33.33333333333333,"4.35%, 1.69%, 1.37%","-5.76%, -3.93%, -1.69%",8443.TW,阿瘦
8454.TW,12,3,9,25.0,"39.23%, 17.01%, 0.83%","-16.80%, -6.14%, -5.57%",8454.TW,富邦媒
8462.TW,16,4,12,25.0,"23.44%, 10.00%, 3.02%","-7.54%, -5.28%, -4.07%",8462.TW,柏文
8463.TW,15,4,11,26.666666666666668,"20.25%, 14.37%, 4.93%","-27.24%, -6.26%, -6.11%",8463.TW,潤泰材
8464.TW,11,6,5,54.54545454545454,"31.92%, 19.06%, 4.97%","-6.65%, -3.28%, -3.07%",8464.TW,億豐
8466.TW,11,4,7,36.36363636363637,"23.09%, 19.77%, 12.99%","-4.67%, -2.72%, -2.60%",8466.TW,美吉吉-KY
8467.TW,14,9,5,64.28571428571429,"64.23%, 33.54%, 28.61%","-13.54%, -2.09%, -0.39%",8467.TW,波力-KY
8473.TW,13,5,8,38.46153846153847,"27.96%, 9.83%, 9.52%","-15.40%, -5.65%, -5.28%",8473.TW,山林水
8476.TW,39,14,25,35.8974358974359,"98.90%, 96.47%, 95.11%","-52.62%, -52.24%, -50.92%",8476.TW,台境
8478.TW,12,4,8,33.33333333333333,"36.38%, 26.44%, 11.88%","-30.84%, -17.03%, -8.05%",8478.TW,東哥遊艇
8481.TW,14,4,10,28.57142857142857,"5.19%, 3.53%, 1.95%","-5.12%, -2.46%, -2.33%",8481.TW,政伸
8482.TW,17,5,12,29.411764705882355,"8.90%, 3.23%, 1.52%","-4.60%, -4.32%, -3.99%",8482.TW,商億-KY
8488.TW,16,5,11,31.25,"6.45%, 0.98%, 0.64%","-6.42%, -5.91%, -4.00%",8488.TW,吉源-KY
8499.TW,17,5,12,29.411764705882355,"6.87%, 3.23%, 3.08%","-5.51%, -4.12%, -3.91%",8499.TW,鼎炫-KY
8926.TW,13,5,8,38.46153846153847,"57.03%, 18.34%, 4.81%","-13.37%, -8.85%, -3.60%",8926.TW,台汽電
8940.TW,20,6,14,30.0,"38.01%, 18.00%, 10.51%","-13.20%, -12.06%, -9.09%",8940.TW,新天地
8996.TW,12,5,7,41.66666666666667,"66.18%, 54.06%, 50.67%","-18.78%, -17.77%, -12.65%",8996.TW,高力
9802.TW,15,5,10,33.33333333333333,"50.21%, 8.78%, 2.46%","-13.31%, -11.15%, -10.39%",9802.TW,鈺齊-KY
9902.TW,13,5,8,38.46153846153847,"21.26%, 9.79%, 9.54%","-7.58%, -3.91%, -3.43%",9902.TW,台火
9904.TW,16,6,10,37.5,"16.96%, 14.11%, 8.80%","-10.50%, -6.67%, -5.70%",9904.TW,寶成
9905.TW,17,6,11,35.294117647058826,"3.41%, 3.27%, 1.04%","-2.02%, -1.28%, -1.04%",9905.TW,大華
9906.TW,11,7,4,63.63636363636363,"121.09%, 58.54%, 6.77%","-6.94%, -6.82%, -4.49%",9906.TW,欣巴巴
9907.TW,13,8,5,61.53846153846154,"22.73%, 9.09%, 5.56%","-8.23%, -4.59%, -3.36%",9907.TW,統一實
9908.TW,15,3,12,20.0,"8.69%, 5.00%, 2.12%","-1.51%, -1.21%, -1.05%",9908.TW,大台北
9910.TW,17,4,13,23.52941176470588,"18.43%, 3.12%, 2.22%","-11.10%, -10.51%, -8.38%",9910.TW,豐泰
9911.TW,12,6,6,50.0,"39.80%, 4.02%, 3.86%","-4.66%, -3.72%, -1.88%",9911.TW,櫻花
9912.TW,17,5,12,29.411764705882355,"14.88%, 13.69%, 9.80%","-10.32%, -5.00%, -4.56%",9912.TW,偉聯
9914.TW,13,4,9,30.76923076923077,"29.76%, 6.91%, 2.26%","-8.02%, -6.61%, -5.57%",9914.TW,美利達
9917.TW,12,8,4,66.66666666666666,"13.62%, 12.76%, 9.88%","-2.53%, -1.46%, -0.97%",9917.TW,中保科
9918.TW,22,8,14,36.36363636363637,"3.71%, 2.96%, 1.36%","-2.46%, -1.64%, -1.42%",9918.TW,欣天然
9919.TW,12,4,8,33.33333333333333,"40.31%, 7.48%, 4.41%","-12.09%, -9.20%, -8.27%",9919.TW,康那香
9921.TW,11,5,6,45.45454545454545,"24.72%, 17.38%, 3.42%","-9.54%, -5.64%, -4.75%",9921.TW,巨大
9924.TW,14,6,8,42.857142857142854,"11.82%, 7.54%, 5.36%","-3.94%, -2.00%, -1.74%",9924.TW,福興
9925.TW,13,9,4,69.23076923076923,"5.45%, 5.33%, 4.65%","-1.32%, -0.76%, -0.50%",9925.TW,新保
9926.TW,19,7,12,36.84210526315789,"9.76%, 5.33%, 0.99%","-3.00%, -2.14%, -1.86%",9926.TW,新海
9927.TW,9,5,4,55.55555555555556,"63.97%, 21.20%, 17.40%","-8.64%, -7.08%, -6.37%",9927.TW,泰銘
9928.TW,12,4,8,33.33333333333333,"25.66%, 20.33%, 3.61%","-21.71%, -6.60%, -5.88%",9928.TW,中視
9929.TW,15,8,7,53.333333333333336,"77.19%, 4.40%, 2.91%","-5.33%, -1.92%, -1.79%",9929.TW,秋雨
9930.TW,13,9,4,69.23076923076923,"16.47%, 12.17%, 4.63%","-3.42%, -2.29%, -1.15%",9930.TW,中聯資源
9931.TW,19,7,12,36.84210526315789,"3.64%, 1.94%, 1.14%","-3.44%, -2.76%, -2.07%",9931.TW,欣高
9933.TW,13,6,7,46.15384615384615,"10.61%, 9.99%, 5.61%","-10.83%, -10.52%, -4.18%",9933.TW,中鼎
9934.TW,14,6,8,42.857142857142854,"18.26%, 10.42%, 8.49%","-9.92%, -5.07%, -4.56%",9934.TW,成霖
9935.TW,13,7,6,53.84615384615385,"20.32%, 11.81%, 5.88%","-11.53%, -3.45%, -2.78%",9935.TW,慶豐富
9937.TW,14,5,9,35.714285714285715,"19.72%, 5.28%, 5.23%","-2.92%, -2.86%, -1.78%",9937.TW,全國
9938.TW,13,4,9,30.76923076923077,"22.50%, 11.03%, 10.19%","-15.27%, -13.12%, -9.65%",9938.TW,百和
9939.TW,14,6,8,42.857142857142854,"54.25%, 14.56%, 6.17%","-4.36%, -3.53%, -2.80%",9939.TW,宏全
9940.TW,18,7,11,38.88888888888889,"14.07%, 5.98%, 5.78%","-6.23%, -6.16%, -3.56%",9940.TW,信義
9941.TW,14,7,7,50.0,"24.61%, 8.80%, 8.71%","-8.10%, -7.82%, -4.26%",9941.TW,裕融
9942.TW,15,7,8,46.666666666666664,"23.93%, 9.42%, 3.59%","-6.21%, -3.42%, -2.99%",9942.TW,茂順
9943.TW,15,5,10,33.33333333333333,"33.53%, 5.54%, 2.49%","-9.12%, -4.24%, -3.31%",9943.TW,好樂迪
9944.TW,15,6,9,40.0,"8.70%, 7.75%, 7.29%","-9.09%, -2.02%, -1.93%",9944.TW,新麗
9945.TW,14,3,11,21.428571428571427,"19.00%, 8.84%, 5.75%","-10.65%, -5.70%, -5.48%",9945.TW,潤泰新
9946.TW,10,5,5,50.0,"99.76%, 45.18%, 10.98%","-17.81%, -7.57%, -2.05%",9946.TW,三發地產
9955.TW,13,5,8,38.46153846153847,"17.42%, 16.80%, 16.38%","-11.23%, -10.62%, -9.79%",9955.TW,佳龍
9958.TW,13,6,7,46.15384615384615,"28.85%, 24.22%, 21.53%","-12.00%, -11.23%, -7.35%",9958.TW,世紀鋼
2254.TW,6,3,3,50.0,"4.20%, 1.08%, 0.37%","-14.98%, -12.09%, -0.68%",2254.TW,巨鎧精密-創
2258.TW,3,1,2,33.33333333333333,4.94%,"-7.73%, -4.33%",2258.TW,鴻華先進-創
2432.TW,8,0,8,0.0,,"-5.54%, -5.32%, -4.76%",2432.TW,倚天酷碁-創
6534.TW,3,2,1,66.66666666666666,"9.23%, 6.30%",-7.98%,6534.TW,正瀚-創
6645.TW,17,5,12,29.411764705882355,"36.02%, 21.81%, 7.75%","-18.84%, -9.03%, -7.93%",6645.TW,金萬林-創
6757.TW,5,3,2,60.0,"82.93%, 14.88%, 10.00%","-7.61%, -5.76%",6757.TW,台灣虎航-創
6854.TW,12,2,10,16.666666666666664,"71.77%, 0.30%","-7.55%, -3.98%, -3.77%",6854.TW,錼創科技-KY創
6869.TW,13,4,9,30.76923076923077,"54.74%, 30.63%, 1.81%","-12.94%, -9.81%, -8.71%",6869.TW,雲豹能源-創
6873.TW,15,6,9,40.0,"78.39%, 55.25%, 37.89%","-18.01%, -11.38%, -9.23%",6873.TW,泓德能源-創
6902.TW,4,0,4,0.0,,"-13.95%, -13.13%, -9.97%",6902.TW,走著瞧-創
6949.TW,3,1,2,33.33333333333333,13.55%,"-4.58%, -4.58%",6949.TW,沛爾生醫-創
8162.TW,2,0,2,0.0,,"-6.49%, -5.09%",8162.TW,微矽電子-創
8487.TW,3,2,1,66.66666666666666,"0.42%, 0.35%",-1.34%,8487.TW,愛爾達-創
